WarNum,ccode,WarName,WarType,StateName,Side,StartMonth1,StartDay1,StartYear1,EndMonth1,EndDay1,EndYear1,StartMonth2,StartDay2,StartYear2,EndMonth2,EndDay2,EndYear2,TransFrom,WhereFought,Initiator,Outcome,TransTo,BatDeath,Version,total_battle_deaths,iso3c,lng_country,lat_country,lat,lng
1,220,Franco-Spanish War,1,France,1,4,7,1823,11,13,1823,-8,-8,-8,-8,-8,-8,503,2,1,1,-8,400,4,1000,FRA,2.53618475,46.18700581,42.6924,0.514845
1,230,Franco-Spanish War,1,Spain,2,4,7,1823,11,13,1823,-8,-8,-8,-8,-8,-8,503,2,2,2,-8,600,4,1000,ESP,-3.64754874,40.24448626,42.6924,0.514845
4,365,First Russo-Turkish,1,Russia,1,4,26,1828,9,14,1829,-8,-8,-8,-8,-8,-8,506,11,1,1,-8,50000,4,130000,RUS,96.68657347,61.98052168,45.4353,28.008
4,640,First Russo-Turkish,1,Ottoman Empire,2,4,26,1828,9,14,1829,-8,-8,-8,-8,-8,-8,506,11,2,2,-8,80000,4,130000,TUR,35.16895529,39.06160342,45.4353,28.008
7,2,Mexican-American,1,United States of America,1,4,25,1846,9,14,1847,-8,-8,-8,-8,-8,-8,-8,1,1,1,-8,13283,4,19283,USA,-112.46167057,45.67955203,31.4911,-99.358
7,70,Mexican-American,1,Mexico,2,4,25,1846,9,14,1847,-8,-8,-8,-8,-8,-8,-8,1,2,2,-8,6000,4,19283,MEX,-102.52345042,23.94753932,31.4911,-99.358
10,332,Austro-Sardinian,1,Modena,2,4,9,1848,8,9,1848,-8,-8,-8,-8,-8,-8,-8,2,2,2,-8,100,4,7527,NA,NA,NA,46.83,11.97
10,337,Austro-Sardinian,1,Tuscany,2,3,29,1848,8,9,1848,-8,-8,-8,-8,-8,-8,-8,2,2,2,-8,100,4,7527,NA,NA,NA,46.83,11.97
10,300,Austro-Sardinian,1,Austria,1,3,24,1848,8,9,1848,3,12,1849,3,30,1849,551,2,2,1,-8,3927,4,7527,NA,NA,NA,46.83,11.97
10,325,Austro-Sardinian,1,Italy,2,3,24,1848,8,9,1848,3,12,1849,3,30,1849,551,2,1,2,-8,3400,4,7527,ITA,12.07000946,42.79663568,46.83,11.97
13,390,First Schleswig-Holstein,1,Denmark,2,4,10,1848,8,26,1848,3,25,1849,7,10,1849,-8,2,2,2,-8,3500,4,6000,DNK,10.02799418,55.98126391,54.8973,8.98718
13,255,First Schleswig-Holstein,1,Prussia,1,4,10,1848,8,26,1848,3,25,1849,7,10,1849,-8,2,1,1,-8,2500,4,6000,DEU,10.38577693,51.10697903,54.8973,8.98718
16,220,Roman Republic,1,France,1,4,30,1849,7,2,1849,-8,-8,-8,-8,-8,-8,-8,2,1,1,-8,1000,4,2600,FRA,2.53618475,46.18700581,41.9028,12.4964
16,300,Roman Republic,1,Austria,1,5,8,1849,7,2,1849,-8,-8,-8,-8,-8,-8,-8,2,2,1,-8,100,4,2600,NA,NA,NA,41.9028,12.4964
16,327,Roman Republic,1,Papal States,2,4,30,1849,7,2,1849,-8,-8,-8,-8,-8,-8,-8,2,2,2,-8,1400,4,2600,VAT,12.43386255,41.90174097,41.9028,12.4964
16,329,Roman Republic,1,Two Sicilies,1,5,8,1849,7,2,1849,-8,-8,-8,-8,-8,-8,-8,2,2,1,-8,100,4,2600,NA,NA,NA,41.9028,12.4964
19,140,La Plata,1,Brazil,1,7,19,1851,2,3,1852,-8,-8,-8,-8,-8,-8,327,1,1,1,-8,500,4,1300,BRA,-53.09783199,-10.78777567,-34.9011,-56.1645
19,160,La Plata,1,Argentina,2,7,19,1851,2,3,1852,-8,-8,-8,-8,-8,-8,327,1,2,2,-8,800,4,1300,ARG,-65.17980881,-35.38135347,-34.9011,-56.1645
22,220,Crimean,1,France,1,3,31,1854,3,1,1856,-8,-8,-8,-8,-8,-8,-8,2,2,1,-8,95000,4,264200,FRA,2.53618475,46.18700581,33.66,44.83
22,325,Crimean,1,Italy,1,1,10,1855,3,1,1856,-8,-8,-8,-8,-8,-8,-8,2,2,1,-8,2200,4,264200,ITA,12.07000946,42.79663568,33.66,44.83
22,200,Crimean,1,United Kingdom,1,3,31,1854,3,1,1856,-8,-8,-8,-8,-8,-8,-8,2,2,1,-8,22000,4,264200,GBR,-2.86563362,54.12387156,33.66,44.83
22,640,Crimean,1,Turkey,1,10,23,1853,3,1,1856,-8,-8,-8,-8,-8,-8,-8,2,1,1,-8,45000,4,264200,TUR,35.16895529,39.06160342,33.66,44.83
22,365,Crimean,1,Russia,2,10,23,1853,3,1,1856,-8,-8,-8,-8,-8,-8,-8,2,2,2,-8,100000,4,264200,RUS,96.68657347,61.98052168,33.66,44.83
25,200,Anglo-Persian,1,United Kingdom,1,10,25,1856,4,5,1857,-8,-8,-8,-8,-8,-8,-8,6,1,1,-8,500,4,2000,GBR,-2.86563362,54.12387156,35.6892,51.389
25,630,Anglo-Persian,1,Iran,2,10,25,1856,4,5,1857,-8,-8,-8,-8,-8,-8,-8,6,2,2,-8,1500,4,2000,IRN,54.27407071,32.57503287,35.6892,51.389
28,220,Italian Unification,1,France,1,5,3,1859,7,12,1859,-8,-8,-8,-8,-8,-8,-8,2,2,1,-8,7500,4,22500,FRA,2.53618475,46.18700581,46.83,11.97
28,300,Italian Unification,1,Austria,2,4,29,1859,7,12,1859,-8,-8,-8,-8,-8,-8,-8,2,1,2,-8,12500,4,22500,NA,NA,NA,46.83,11.97
28,325,Italian Unification,1,Sardinia/Piedmont,1,4,29,1859,7,12,1859,-8,-8,-8,-8,-8,-8,-8,2,2,1,-8,2500,4,22500,ITA,12.07000946,42.79663568,46.83,11.97
31,230,First Spanish-Moroccan,1,Spain,1,10,22,1859,3,25,1860,-8,-8,-8,-8,-8,-8,-8,6,1,1,-8,4000,4,10000,ESP,-3.64754874,40.24448626,32.9735,-5.2002
31,600,First Spanish-Moroccan,1,Morocco,2,10,22,1859,3,25,1860,-8,-8,-8,-8,-8,-8,-8,6,2,2,-8,6000,4,10000,MAR,-8.45616045,29.83762793,32.9735,-5.2002
34,325,Italian-Roman,1,Sardinia/Piedmont,1,9,11,1860,9,29,1860,-8,-8,-8,-8,-8,-8,-8,2,1,1,-8,300,4,1000,ITA,12.07000946,42.79663568,45.47,8.88
34,327,Italian-Roman,1,Papal States,2,9,11,1860,9,29,1860,-8,-8,-8,-8,-8,-8,-8,2,2,2,-8,700,4,1000,VAT,12.43386255,41.90174097,45.47,8.88
37,325,Neapolitan,1,Sardinia/Piedmont,1,10,15,1860,2,13,1861,-8,-8,-8,-8,-8,-8,352,2,1,1,-8,600,4,1000,ITA,12.07000946,42.79663568,37.77,12.45
37,329,Neapolitan,1,Two Sicilies,2,10,15,1860,2,13,1861,-8,-8,-8,-8,-8,-8,352,2,2,2,-8,400,4,1000,NA,NA,NA,37.77,12.45
40,70,Franco-Mexican,1,Mexico,1,4,16,1862,2,5,1867,-8,-8,-8,-8,-8,-8,557,1,2,4,587,12000,4,20000,MEX,-102.52345042,23.94753932,19.1738,-96.1342
40,220,Franco-Mexican,1,France,2,4,16,1862,2,5,1867,-8,-8,-8,-8,-8,-8,557,1,1,4,587,8000,4,20000,FRA,2.53618475,46.18700581,19.1738,-96.1342
43,130,Ecuadorian-Colombian,1,Ecuador,2,11,22,1863,12,6,1863,-8,-8,-8,-8,-8,-8,-8,1,2,2,-8,700,4,1000,ECU,-78.75203573,-1.42381949,0.343266,-77.1538
43,100,Ecuadorian-Colombian,1,Colombia,1,11,22,1863,12,6,1863,-8,-8,-8,-8,-8,-8,-8,1,1,1,-8,300,4,1000,COL,-73.08114936,3.91383156,0.343266,-77.1538
46,255,Second Schleswig-Holstein,1,Germany,1,2,1,1864,4,25,1864,6,25,1864,7,20,1864,-8,2,1,1,-8,1048,4,4481,DEU,10.38577693,51.10697903,54.51,9.72
46,300,Second Schleswig-Holstein,1,Austria,1,2,1,1864,4,25,1864,6,25,1864,7,20,1864,-8,2,2,1,-8,500,4,4481,NA,NA,NA,54.51,9.72
46,390,Second Schleswig-Holstein,1,Denmark,2,2,1,1864,4,25,1864,6,25,1864,7,20,1864,-8,2,2,2,-8,2933,4,4481,DNK,10.02799418,55.98126391,54.51,9.72
49,150,Lopez,1,Paraguay,2,11,12,1864,3,1,1870,-8,-8,-8,-8,-8,-8,-8,1,1,2,-8,200000,4,310000,PRY,-58.40014084,-23.22823896,-22.4135,-55.7422
49,140,Lopez,1,Brazil,1,11,12,1864,3,1,1870,-8,-8,-8,-8,-8,-8,-8,1,2,1,-8,100000,4,310000,BRA,-53.09783199,-10.78777567,-22.4135,-55.7422
49,160,Lopez,1,Argentina,1,3,5,1865,3,1,1870,-8,-8,-8,-8,-8,-8,-8,1,2,1,-8,10000,4,310000,ARG,-65.17980881,-35.38135347,-22.4135,-55.7422
52,135,Naval War,1,Peru,1,1,14,1866,5,9,1866,-8,-8,-8,-8,-8,-8,-8,1,2,1,-8,600,4,1000,PER,-74.38242889,-9.15280281,-13.64,-76.4
52,155,Naval War,1,Chile,1,9,25,1865,5,9,1866,-8,-8,-8,-8,-8,-8,-8,1,2,1,-8,100,4,1000,CHL,-71.38255879,-37.73069754,-13.64,-76.4
52,230,Naval War,1,Spain,2,9,25,1865,5,9,1866,-8,-8,-8,-8,-8,-8,-8,1,1,2,-8,300,4,1000,ESP,-3.64754874,40.24448626,-13.64,-76.4
55,267,Seven Weeks,1,Baden,2,6,15,1866,7,26,1866,-8,-8,-8,-8,-8,-8,-8,2,2,2,-8,100,4,44100,NA,NA,NA,54.13861,9.763035
55,280,Seven Weeks,1,Mecklenburg Schwerin,1,6,15,1866,7,26,1866,-8,-8,-8,-8,-8,-8,-8,2,2,1,-8,100,4,44100,NA,NA,NA,54.13861,9.763035
55,255,Seven Weeks,1,Germany,1,6,15,1866,7,26,1866,-8,-8,-8,-8,-8,-8,-8,2,1,1,-8,10000,4,44100,DEU,10.38577693,51.10697903,54.13861,9.763035
55,271,Seven Weeks,1,Wuerttemburg,2,6,15,1866,7,26,1866,-8,-8,-8,-8,-8,-8,-8,2,2,2,-8,100,4,44100,NA,NA,NA,54.13861,9.763035
55,240,Seven Weeks,1,Hanover,2,6,15,1866,6,29,1866,-8,-8,-8,-8,-8,-8,-8,2,2,2,-8,500,4,44100,NA,NA,NA,54.13861,9.763035
55,273,Seven Weeks,1,Hesse Electoral,2,6,15,1866,7,26,1866,-8,-8,-8,-8,-8,-8,-8,2,2,2,-8,100,4,44100,NA,NA,NA,54.13861,9.763035
55,325,Seven Weeks,1,Italy,1,6,20,1866,7,26,1866,-8,-8,-8,-8,-8,-8,-8,2,2,1,-8,4000,4,44100,ITA,12.07000946,42.79663568,54.13861,9.763035
55,269,Seven Weeks,1,Saxony,2,6,15,1866,7,26,1866,-8,-8,-8,-8,-8,-8,-8,2,2,2,-8,600,4,44100,NA,NA,NA,54.13861,9.763035
55,245,Seven Weeks,1,Bavaria,2,6,15,1866,7,26,1866,-8,-8,-8,-8,-8,-8,-8,2,2,2,-8,500,4,44100,NA,NA,NA,54.13861,9.763035
55,275,Seven Weeks,1,Hesse Grand Ducal,2,6,15,1866,7,26,1866,-8,-8,-8,-8,-8,-8,-8,2,2,2,-8,100,4,44100,NA,NA,NA,54.13861,9.763035
55,300,Seven Weeks,1,Austria,2,6,15,1866,7,26,1866,-8,-8,-8,-8,-8,-8,-8,2,2,2,-8,28000,4,44100,NA,NA,NA,54.13861,9.763035
58,271,Franco-Prussian,1,Wuerttemburg,1,7,19,1870,11,25,1870,-8,-8,-8,-8,-8,-8,-8,2,2,1,-8,976,4,204313,NA,NA,NA,49.0463,7.81941
58,255,Franco-Prussian,1,Germany,1,7,19,1870,2,26,1871,-8,-8,-8,-8,-8,-8,-8,2,2,1,-8,44781,4,204313,DEU,10.38577693,51.10697903,49.0463,7.81941
58,220,Franco-Prussian,1,France,2,7,19,1870,2,26,1871,-8,-8,-8,-8,-8,-8,-8,2,1,2,-8,152000,4,204313,FRA,2.53618475,46.18700581,49.0463,7.81941
58,267,Franco-Prussian,1,Baden,1,7,19,1870,11,22,1870,-8,-8,-8,-8,-8,-8,-8,2,2,1,-8,956,4,204313,NA,NA,NA,49.0463,7.81941
58,245,Franco-Prussian,1,Bavaria,1,7,19,1870,11,15,1870,-8,-8,-8,-8,-8,-8,-8,2,2,1,-8,5600,4,204313,NA,NA,NA,49.0463,7.81941
60,92,First Central American,1,El Salvador,2,3,27,1876,4,25,1876,-8,-8,-8,-8,-8,-8,-8,1,2,2,-8,2000,4,4000,SLV,-88.87164456,13.73944008,14.1462,-89.709
60,90,First Central American,1,Guatemala,1,3,27,1876,4,25,1876,-8,-8,-8,-8,-8,-8,-8,1,1,1,-8,2000,4,4000,GTM,-90.36482288,15.69404158,14.1462,-89.709
61,365,Second Russo-Turkish,1,Russia,1,4,24,1877,1,31,1878,-8,-8,-8,-8,-8,-8,373,11,1,1,-8,120000,4,285000,RUS,96.68657347,61.98052168,41.8101,21.0937
61,640,Second Russo-Turkish,1,Turkey,2,4,24,1877,1,31,1878,-8,-8,-8,-8,-8,-8,373,11,2,2,-8,165000,4,285000,TUR,35.16895529,39.06160342,41.8101,21.0937
64,135,War of the Pacific,1,Peru,2,4,5,1879,10,23,1883,-8,-8,-8,-8,-8,-8,-8,1,2,2,-8,9672,4,13868,PER,-74.38242889,-9.15280281,-20.3063,-68.7092
64,145,War of the Pacific,1,Bolivia,2,2,14,1879,12,11,1883,-8,-8,-8,-8,-8,-8,-8,1,2,2,-8,920,4,13868,BOL,-64.6853892,-16.70814536,-20.3063,-68.7092
64,155,War of the Pacific,1,Chile,1,2,14,1879,12,11,1883,-8,-8,-8,-8,-8,-8,-8,1,1,1,-8,3276,4,13868,CHL,-71.38255879,-37.73069754,-20.3063,-68.7092
65,651,Conquest of Egypt,1,Egypt,2,7,11,1882,9,15,1882,-8,-8,-8,-8,-8,-8,-8,6,2,2,-8,10000,4,10079,EGY,29.8618993,26.49593108,26.4943,29.872
65,200,Conquest of Egypt,1,United Kingdom,1,7,11,1882,9,15,1882,-8,-8,-8,-8,-8,-8,-8,6,1,1,-8,79,4,10079,GBR,-2.86563362,54.12387156,26.4943,29.872
67,710,Sino-French,1,China,2,6,15,1884,6,9,1885,-8,-8,-8,-8,-8,-8,385,7,2,2,-8,10000,4,12100,CHN,103.81907385,36.56176801,39.9042,116.407
67,220,Sino-French,1,France,1,6,15,1884,6,9,1885,-8,-8,-8,-8,-8,-8,385,7,1,1,-8,2100,4,12100,FRA,2.53618475,46.18700581,39.9042,116.407
70,90,Second Central American,1,Guatemala,2,3,28,1885,4,15,1885,-8,-8,-8,-8,-8,-8,-8,1,1,2,-8,800,4,1000,GTM,-90.36482288,15.69404158,14.1462,-89.709
70,92,Second Central American,1,El Salvador,1,3,28,1885,4,15,1885,-8,-8,-8,-8,-8,-8,-8,1,2,1,-8,200,4,1000,SLV,-88.87164456,13.73944008,14.1462,-89.709
73,710,First Sino-Japanese,1,China,2,7,25,1894,3,30,1895,-8,-8,-8,-8,-8,-8,-8,7,2,2,-8,10000,4,15000,CHN,103.81907385,36.56176801,37.046967,126.10608
73,740,First Sino-Japanese,1,Japan,1,7,25,1894,3,30,1895,-8,-8,-8,-8,-8,-8,-8,7,1,1,-8,5000,4,15000,JPN,138.03089212,37.59230065,37.046967,126.10608
76,640,Greco-Turkish,1,Turkey,1,2,15,1897,5,19,1897,-8,-8,-8,-8,-8,-8,631,2,2,1,-8,1400,4,2000,TUR,35.16895529,39.06160342,35.3387,25.1442
76,350,Greco-Turkish,1,Greece,2,2,15,1897,5,19,1897,-8,-8,-8,-8,-8,-8,631,2,1,2,-8,600,4,2000,GRC,22.95556207,39.07466973,35.3387,25.1442
79,2,Spanish-American,1,United States of America,1,4,22,1898,8,12,1898,-8,-8,-8,-8,-8,-8,"404, 410",13,1,1,-8,2910,4,3685,USA,-112.46167057,45.67955203,23.1136,-82.3666
79,230,Spanish-American,1,Spain,2,4,22,1898,8,12,1898,-8,-8,-8,-8,-8,-8,"404, 410",13,2,2,-8,775,4,3685,ESP,-3.64754874,40.24448626,23.1136,-82.3666
82,220,Boxer Rebellion,1,France,1,6,17,1900,8,14,1900,-8,-8,-8,-8,-8,-8,-8,7,1,1,-8,24,4,3003,FRA,2.53618475,46.18700581,39.848295,116.352758
82,200,Boxer Rebellion,1,United Kingdom,1,6,17,1900,8,14,1900,-8,-8,-8,-8,-8,-8,-8,7,1,1,-8,34,4,3003,GBR,-2.86563362,54.12387156,39.848295,116.352758
82,740,Boxer Rebellion,1,Japan,1,6,17,1900,8,14,1900,-8,-8,-8,-8,-8,-8,-8,7,1,1,-8,622,4,3003,JPN,138.03089212,37.59230065,39.848295,116.352758
82,710,Boxer Rebellion,1,China,2,6,17,1900,8,14,1900,-8,-8,-8,-8,-8,-8,-8,7,2,2,-8,2000,4,3003,CHN,103.81907385,36.56176801,39.848295,116.352758
82,365,Boxer Rebellion,1,Russia,1,6,17,1900,8,14,1900,-8,-8,-8,-8,-8,-8,-8,7,1,1,-8,302,4,3003,RUS,96.68657347,61.98052168,39.848295,116.352758
82,2,Boxer Rebellion,1,United States of America,1,6,17,1900,8,14,1900,-8,-8,-8,-8,-8,-8,-8,7,1,1,-8,21,4,3003,USA,-112.46167057,45.67955203,39.848295,116.352758
83,365,Sino-Russian,1,Russia,1,7,17,1900,10,10,1900,-8,-8,-8,-8,-8,-8,-8,7,1,1,-8,242,4,4000,RUS,96.68657347,61.98052168,45.8038,126.535
83,710,Sino-Russian,1,China,2,7,17,1900,10,10,1900,-8,-8,-8,-8,-8,-8,-8,7,2,2,-8,3758,4,4000,CHN,103.81907385,36.56176801,45.8038,126.535
85,365,Russo-Japanese,1,Russia,2,2,8,1904,9,15,1905,-8,-8,-8,-8,-8,-8,-8,7,2,2,-8,71453,4,151831,RUS,96.68657347,61.98052168,38.8517,121.262
85,740,Russo-Japanese,1,Japan,1,2,8,1904,9,15,1905,-8,-8,-8,-8,-8,-8,-8,7,1,1,-8,80378,4,151831,JPN,138.03089212,37.59230065,38.8517,121.262
88,91,Third Central American,1,Honduras,2,5,27,1906,7,20,1906,-8,-8,-8,-8,-8,-8,-8,1,2,2,-8,300,4,1000,HND,-86.61516846,14.82688225,14.1462,-89.709
88,92,Third Central American,1,El Salvador,2,5,27,1906,7,20,1906,-8,-8,-8,-8,-8,-8,-8,1,2,2,-8,300,4,1000,SLV,-88.87164456,13.73944008,14.1462,-89.709
88,90,Third Central American,1,Guatemala,1,5,27,1906,7,20,1906,-8,-8,-8,-8,-8,-8,-8,1,1,1,-8,400,4,1000,GTM,-90.36482288,15.69404158,14.1462,-89.709
91,93,Fourth Central American,1,Nicaragua,1,2,19,1907,4,23,1907,-8,-8,-8,-8,-8,-8,-8,1,1,1,-8,400,4,1000,NIC,-85.03052894,12.84709633,14.082,-85.4934
91,91,Fourth Central American,1,Honduras,2,2,19,1907,4,23,1907,-8,-8,-8,-8,-8,-8,-8,1,2,2,-8,300,4,1000,HND,-86.61516846,14.82688225,14.082,-85.4934
91,92,Fourth Central American,1,El Salvador,2,2,19,1907,4,23,1907,-8,-8,-8,-8,-8,-8,-8,1,2,2,-8,300,4,1000,SLV,-88.87164456,13.73944008,14.082,-85.4934
94,230,Second Spanish-Moroccan,1,Spain,1,7,7,1909,3,23,1910,-8,-8,-8,-8,-8,-8,-8,6,1,1,-8,2000,4,10000,ESP,-3.64754874,40.24448626,32.9735,-5.2002
94,600,Second Spanish-Moroccan,1,Morocco,2,7,7,1909,3,23,1910,-8,-8,-8,-8,-8,-8,-8,6,2,2,-8,8000,4,10000,MAR,-8.45616045,29.83762793,32.9735,-5.2002
97,640,Italian-Turkish,1,Turkey,2,9,29,1911,10,18,1912,-8,-8,-8,-8,-8,-8,-8,6,2,2,-8,14000,4,20000,TUR,35.16895529,39.06160342,32.8872,13.1913
97,325,Italian-Turkish,1,Italy,1,9,29,1911,10,18,1912,-8,-8,-8,-8,-8,-8,-8,6,1,1,-8,6000,4,20000,ITA,12.07000946,42.79663568,32.8872,13.1913
100,345,First Balkan,1,Yugoslavia,1,10,17,1912,12,3,1912,2,3,1913,4,19,1913,650,11,1,1,-8,15000,4,82000,NA,NA,NA,41.919138,26.693898
100,355,First Balkan,1,Bulgaria,1,10,17,1912,12,3,1912,2,3,1913,4,19,1913,650,2,2,1,-8,32000,4,82000,BGR,25.21552327,42.76889988,41.919138,26.693898
100,640,First Balkan,1,Turkey,2,10,17,1912,4,19,1913,-8,-8,-8,-8,-8,-8,650,11,2,2,-8,30000,4,82000,TUR,35.16895529,39.06160342,41.919138,26.693898
100,350,First Balkan,1,Greece,1,10,17,1912,4,19,1913,-8,-8,-8,-8,-8,-8,650,11,2,1,-8,5000,4,82000,GRC,22.95556207,39.07466973,41.919138,26.693898
103,360,Second Balkan,1,Romania,1,7,11,1913,7,30,1913,-8,-8,-8,-8,-8,-8,-8,2,2,1,-8,1500,4,60500,ROU,24.97293286,45.85242939,41.919138,26.693898
103,345,Second Balkan,1,Yugoslavia,1,6,30,1913,7,30,1913,-8,-8,-8,-8,-8,-8,-8,2,2,1,-8,18500,4,60500,NA,NA,NA,41.919138,26.693898
103,640,Second Balkan,1,Turkey,1,7,15,1913,7,30,1913,-8,-8,-8,-8,-8,-8,-8,2,2,1,-8,20000,4,60500,TUR,35.16895529,39.06160342,41.919138,26.693898
103,355,Second Balkan,1,Bulgaria,2,6,30,1913,7,30,1913,-8,-8,-8,-8,-8,-8,-8,2,1,2,-8,18000,4,60500,BGR,25.21552327,42.76889988,41.919138,26.693898
103,350,Second Balkan,1,Greece,1,6,30,1913,7,30,1913,-8,-8,-8,-8,-8,-8,-8,2,2,1,-8,2500,4,60500,GRC,22.95556207,39.07466973,41.919138,26.693898
106,235,World War I,1,Portugal,1,3,1,1916,11,11,1918,-8,-8,-8,-8,-8,-8,-8,2,2,1,-8,7222,4,8578031,PRT,-8.50105506,39.59550247,50.8798,4.70052
106,200,World War I,1,United Kingdom,1,8,5,1914,11,11,1918,-8,-8,-8,-8,-8,-8,-8,15,2,1,-8,908371,4,8578031,GBR,-2.86563362,54.12387156,50.8798,4.70052
106,345,World War I,1,Yugoslavia,1,7,29,1914,11,11,1918,-8,-8,-8,-8,-8,-8,-8,2,2,1,-8,70000,4,8578031,NA,NA,NA,50.8798,4.70052
106,360,World War I,1,Romania,1,8,27,1916,12,9,1917,-8,-8,-8,-8,-8,-8,-8,2,2,1,-8,335706,4,8578031,ROU,24.97293286,45.85242939,50.8798,4.70052
106,355,World War I,1,Bulgaria,2,10,12,1915,9,29,1918,-8,-8,-8,-8,-8,-8,-8,2,2,2,-8,87500,4,8578031,BGR,25.21552327,42.76889988,50.8798,4.70052
106,255,World War I,1,Germany,2,8,1,1914,11,11,1918,-8,-8,-8,-8,-8,-8,-8,15,2,2,-8,1773700,4,8578031,DEU,10.38577693,51.10697903,50.8798,4.70052
106,211,World War I,1,Belgium,1,8,4,1914,11,11,1918,-8,-8,-8,-8,-8,-8,-8,2,2,1,-8,13716,4,8578031,BEL,4.64064572,50.63981435,50.8798,4.70052
106,365,World War I,1,Russia,1,8,1,1914,12,5,1917,-8,-8,-8,-8,-8,-8,-8,11,2,1,-8,1700000,4,8578031,RUS,96.68657347,61.98052168,50.8798,4.70052
106,325,World War I,1,Italy,1,5,23,1915,11,11,1918,-8,-8,-8,-8,-8,-8,-8,2,2,1,-8,650000,4,8578031,ITA,12.07000946,42.79663568,50.8798,4.70052
106,2,World War I,1,United States of America,1,4,17,1917,11,11,1918,-8,-8,-8,-8,-8,-8,-8,2,2,1,-8,116516,4,8578031,USA,-112.46167057,45.67955203,50.8798,4.70052
106,640,World War I,1,Turkey,2,10,28,1914,10,30,1918,-8,-8,-8,-8,-8,-8,-8,6,2,2,-8,325000,4,8578031,TUR,35.16895529,39.06160342,50.8798,4.70052
106,740,World War I,1,Japan,1,8,23,1914,11,11,1918,-8,-8,-8,-8,-8,-8,-8,7,2,1,-8,300,4,8578031,JPN,138.03089212,37.59230065,50.8798,4.70052
106,220,World War I,1,France,1,8,3,1914,11,11,1918,-8,-8,-8,-8,-8,-8,-8,14,2,1,-8,1385000,4,8578031,FRA,2.53618475,46.18700581,50.8798,4.70052
106,350,World War I,1,Greece,1,6,29,1917,11,11,1918,-8,-8,-8,-8,-8,-8,-8,2,2,1,-8,5000,4,8578031,GRC,22.95556207,39.07466973,50.8798,4.70052
106,300,World War I,1,Austria-Hungary,2,7,29,1914,11,3,1918,-8,-8,-8,-8,-8,-8,-8,2,1,2,-8,1200000,4,8578031,NA,NA,NA,50.8798,4.70052
107,366,Estonian Liberation,1,Estonia,1,11,22,1918,1,3,1920,-8,-8,-8,-8,-8,-8,-8,2,2,1,-8,3600,4,11750,EST,25.54248555,58.67192416,59.354778,28.180112
107,365,Estonian Liberation,1,Russia,2,11,22,1918,1,3,1920,-8,-8,-8,-8,-8,-8,-8,2,1,2,-8,8000,4,11750,RUS,96.68657347,61.98052168,59.354778,28.180112
107,375,Estonian Liberation,1,Finland,1,12,30,1918,1,3,1920,-8,-8,-8,-8,-8,-8,-8,2,2,1,-8,150,4,11750,FIN,26.27467024,64.49884844,59.354778,28.180112
108,367,Latvian Liberation,1,Latvia,1,12,2,1918,2,1,1920,-8,-8,-8,-8,-8,-8,-8,2,2,1,-8,3046,4,13246,LVA,24.9123704,56.85085306,57.396734,27.066578
108,365,Latvian Liberation,1,Russia,2,12,2,1918,2,1,1920,-8,-8,-8,-8,-8,-8,-8,2,1,2,-8,8000,4,13246,RUS,96.68657347,61.98052168,57.396734,27.066578
108,366,Latvian Liberation,1,Estonia,1,1,1,1919,1,3,1920,-8,-8,-8,-8,-8,-8,-8,2,2,1,-8,1000,4,13246,EST,25.54248555,58.67192416,57.396734,27.066578
108,255,Latvian Liberation,1,Germany,2,4,16,1919,7,13,1919,-8,-8,-8,-8,-8,-8,-8,2,2,2,-8,750,4,13246,DEU,10.38577693,51.10697903,57.396734,27.066578
108,255,Latvian Liberation,1,Germany,1,12,7,1918,4,15,1919,-8,-8,-8,-8,-8,-8,-8,2,2,8,-8,450,4,13246,DEU,10.38577693,51.10697903,57.396734,27.066578
109,290,Russo-Polish,1,Poland,1,2,14,1919,10,18,1920,-8,-8,-8,-8,-8,-8,681,2,2,1,-8,40000,4,100000,POL,19.39011841,52.12759537,52.5394,23.4462
109,365,Russo-Polish,1,Russia,2,2,14,1919,10,18,1920,-8,-8,-8,-8,-8,-8,681,2,1,2,-8,60000,4,100000,RUS,96.68657347,61.98052168,52.5394,23.4462
112,315,Hungarian Adversaries,1,Czechoslovakia,1,4,26,1919,8,4,1919,-8,-8,-8,-8,-8,-8,-8,2,2,1,-8,2000,4,11000,NA,NA,NA,47.738096,22.402331
112,310,Hungarian Adversaries,1,Hungary,2,4,16,1919,8,4,1919,-8,-8,-8,-8,-8,-8,-8,2,2,2,-8,6000,4,11000,HUN,19.39559381,47.16277712,47.738096,22.402331
112,360,Hungarian Adversaries,1,Romania,1,4,16,1919,8,4,1919,-8,-8,-8,-8,-8,-8,-8,2,1,1,-8,3000,4,11000,ROU,24.97293286,45.85242939,47.738096,22.402331
115,350,Second Greco-Turkish,1,Greece,2,5,5,1919,10,11,1922,-8,-8,-8,-8,-8,-8,-8,11,1,2,-8,30000,4,50000,GRC,22.95556207,39.07466973,39.0793,29.2699
115,640,Second Greco-Turkish,1,Turkey,1,5,5,1919,10,11,1922,-8,-8,-8,-8,-8,-8,-8,11,2,1,-8,20000,4,50000,TUR,35.16895529,39.06160342,39.0793,29.2699
116,220,Franco-Turkish,1,France,1,11,1,1919,10,20,1921,-8,-8,-8,-8,-8,-8,-8,6,1,3,-8,5000,4,40000,FRA,2.53618475,46.18700581,41.420057,31.742249
116,640,Franco-Turkish,1,Turkey,2,11,1,1919,10,20,1921,-8,-8,-8,-8,-8,-8,-8,6,2,3,-8,35000,4,40000,TUR,35.16895529,39.06160342,41.420057,31.742249
117,290,Lithuanian-Polish,1,Poland,1,7,15,1920,12,1,1920,-8,-8,-8,-8,-8,-8,-8,2,1,1,-8,500,4,1000,POL,19.39011841,52.12759537,54.50719,25.114416
117,368,Lithuanian-Polish,1,Lithuania,2,7,15,1920,12,1,1920,-8,-8,-8,-8,-8,-8,-8,2,2,2,-8,500,4,1000,LTU,23.88720035,55.32611078,54.50719,25.114416
118,710,Manchurian,1,China,2,8,17,1929,12,3,1929,-8,-8,-8,-8,-8,-8,-8,7,2,2,-8,3000,4,3200,CHN,103.81907385,36.56176801,45.8038,126.535
118,365,Manchurian,1,USSR,1,8,17,1929,12,3,1929,-8,-8,-8,-8,-8,-8,-8,7,1,1,-8,200,4,3200,RUS,96.68657347,61.98052168,45.8038,126.535
121,710,Second Sino-Japanese,1,China,2,12,19,1931,5,22,1933,-8,-8,-8,-8,-8,-8,-8,7,2,2,-8,50000,4,60000,CHN,103.81907385,36.56176801,45.8038,126.535
121,740,Second Sino-Japanese,1,Japan,1,12,19,1931,5,22,1933,-8,-8,-8,-8,-8,-8,-8,7,1,1,-8,10000,4,60000,JPN,138.03089212,37.59230065,45.8038,126.535
124,150,Chaco,1,Paraguay,1,6,15,1932,6,12,1935,-8,-8,-8,-8,-8,-8,-8,1,2,1,-8,36000,4,92661,PRY,-58.40014084,-23.22823896,-23,-60
124,145,Chaco,1,Bolivia,2,6,15,1932,6,12,1935,-8,-8,-8,-8,-8,-8,-8,1,1,2,-8,56661,4,92661,BOL,-64.6853892,-16.70814536,-23,-60
125,670,Saudi-Yemeni,1,Saudi Arabia,1,3,20,1934,5,13,1934,-8,-8,-8,-8,-8,-8,-8,6,1,1,-8,100,4,2100,SAU,44.53687041,24.12245467,17.3755,44.5422
125,678,Saudi-Yemeni,1,Yemen Arab Republic,2,3,20,1934,5,13,1934,-8,-8,-8,-8,-8,-8,-8,6,2,2,-8,2000,4,2100,NA,NA,NA,17.3755,44.5422
127,530,Conquest of Ethiopia,1,Ethiopia,2,10,3,1935,5,9,1936,-8,-8,-8,-8,-8,-8,-8,4,2,2,-8,16000,4,20000,ETH,39.6008014,8.62278417,7.05,45.4
127,325,Conquest of Ethiopia,1,Italy,1,10,3,1935,5,9,1936,-8,-8,-8,-8,-8,-8,-8,4,1,1,-8,4000,4,20000,ITA,12.07000946,42.79663568,7.05,45.4
130,710,Third Sino-Japanese,1,China,2,7,7,1937,12,6,1941,-8,-8,-8,-8,-8,-8,-8,7,2,2,-8,750000,4,1000000,CHN,103.81907385,36.56176801,38.972156,117.70421
130,740,Third Sino-Japanese,1,Japan,1,7,7,1937,12,6,1941,-8,-8,-8,-8,-8,-8,-8,7,1,1,-8,250000,4,1000000,JPN,138.03089212,37.59230065,38.972156,117.70421
133,740,Changkufeng,1,Japan,1,7,29,1938,8,11,1938,-8,-8,-8,-8,-8,-8,-8,7,1,2,-8,526,4,1726,JPN,138.03089212,37.59230065,42.445126,130.631813
133,365,Changkufeng,1,USSR,2,7,29,1938,8,11,1938,-8,-8,-8,-8,-8,-8,-8,7,2,1,-8,1200,4,1726,RUS,96.68657347,61.98052168,42.445126,130.631813
136,365,Nomonhan,1,USSR,1,5,11,1939,9,16,1939,-8,-8,-8,-8,-8,-8,-8,7,2,1,-8,5000,4,28000,RUS,96.68657347,61.98052168,47.72182,118.769816
136,712,Nomonhan,1,Mongolia,1,5,11,1939,9,16,1939,-8,-8,-8,-8,-8,-8,-8,7,2,1,-8,3000,4,28000,MNG,103.05299651,46.82681435,47.72182,118.769816
136,740,Nomonhan,1,Japan,2,5,11,1939,9,16,1939,-8,-8,-8,-8,-8,-8,-8,7,1,2,-8,20000,4,28000,JPN,138.03089212,37.59230065,47.72182,118.769816
139,2,World War II,1,United States of America,1,12,7,1941,8,14,1945,-8,-8,-8,-8,-8,-8,-8,19,2,1,-8,405400,4,13365088.567476002,USA,-112.46167057,45.67955203,52.518553,14.614435
139,220,World War II,1,France,1,9,3,1939,6,22,1940,10,23,1944,8,14,1945,-8,2,2,1,-8,210824,4,13365088.567476002,FRA,2.53618475,46.18700581,52.518553,14.614435
139,310,World War II,1,Hungary,2,6,27,1941,1,20,1945,-8,-8,-8,-8,-8,-8,-8,2,2,2,-8,136000,4,13365088.567476002,HUN,19.39559381,47.16277712,52.518553,14.614435
139,345,World War II,1,Yugoslavia,1,4,6,1941,4,17,1941,-8,-8,-8,-8,-8,-8,-8,2,2,1,-8,305000,4,13365088.567476002,NA,NA,NA,52.518553,14.614435
139,355,World War II,1,Bulgaria,1,9,9,1944,5,7,1945,-8,-8,-8,-8,-8,-8,-8,2,2,1,-8,1000,4,13365088.567476002,BGR,25.21552327,42.76889988,52.518553,14.614435
139,255,World War II,1,Germany,2,9,1,1939,5,7,1945,-8,-8,-8,-8,-8,-8,-8,14,1,2,-8,3500000,4,13365088.567476002,DEU,10.38577693,51.10697903,52.518553,14.614435
99999900,712,World War II in Asia (approx),1,Mongolia,1,8,10,1945,8,14,1945,-8,-8,-8,-8,-8,-8,-8,7,2,1,-8,3000,4,3269818.432523998,MNG,103.05299651,46.82681435,14.62,121.11
139,140,World War II,1,Brazil,1,7,6,1944,5,7,1945,-8,-8,-8,-8,-8,-8,-8,2,2,1,-8,1000,4,13365088.567476002,BRA,-53.09783199,-10.78777567,52.518553,14.614435
99999900,900,World War II in Asia (approx),1,Australia,1,9,3,1939,8,14,1945,-8,-8,-8,-8,-8,-8,-8,16,2,1,-8,33826,4,3269818.432523998,AUS,134.49099877,-25.73288736,14.62,121.11
99999900,740,World War II in Asia (approx),1,Japan,2,12,7,1941,8,14,1945,-8,-8,-8,-8,-8,-8,-8,17,2,2,-8,1740000,4,3269818.432523998,JPN,138.03089212,37.59230065,14.62,121.11
139,200,World War II,1,United Kingdom,1,9,3,1939,8,14,1945,-8,-8,-8,-8,-8,-8,-8,15,2,1,-8,418765,4,13365088.567476002,GBR,-2.86563362,54.12387156,52.518553,14.614435
139,325,World War II,1,Italy,2,6,10,1940,9,2,1943,-8,-8,-8,-8,-8,-8,-8,14,2,2,-8,174500,4,13365088.567476002,ITA,12.07000946,42.79663568,52.518553,14.614435
139,211,World War II,1,Belgium,1,5,10,1940,5,28,1940,-8,-8,-8,-8,-8,-8,-8,2,2,1,-8,9600,4,13365088.567476002,BEL,4.64064572,50.63981435,52.518553,14.614435
139,290,World War II,1,Poland,1,9,1,1939,9,27,1939,-8,-8,-8,-8,-8,-8,-8,2,2,1,-8,320000,4,13365088.567476002,POL,19.39011841,52.12759537,52.518553,14.614435
139,355,World War II,1,Bulgaria,2,12,13,1941,9,8,1944,-8,-8,-8,-8,-8,-8,-8,2,2,2,-8,9000,4,13365088.567476002,BGR,25.21552327,42.76889988,52.518553,14.614435
139,365,World War II,1,USSR,1,6,22,1941,5,7,1945,8,8,1945,8,14,1945,-8,12,2,1,-8,7500000,4,13365088.567476002,RUS,96.68657347,61.98052168,52.518553,14.614435
139,560,World War II,1,South Africa,1,9,6,1939,8,14,1945,-8,-8,-8,-8,-8,-8,-8,4,2,1,-8,8700,4,13365088.567476002,ZAF,25.08388384,-29.0003377,52.518553,14.614435
139,385,World War II,1,Norway,1,4,9,1940,6,9,1940,-8,-8,-8,-8,-8,-8,-8,2,2,1,-8,3000,4,13365088.567476002,NOR,15.34832968,68.75014407,52.518553,14.614435
139,210,World War II,1,Netherlands,1,5,10,1940,5,14,1940,-8,-8,-8,-8,-8,-8,-8,2,2,1,-8,7900,4,13365088.567476002,NLD,5.2814735,52.10080804,52.518553,14.614435
139,375,World War II,1,Finland,2,6,25,1941,9,19,1944,-8,-8,-8,-8,-8,-8,-8,2,2,2,-8,65000,4,13365088.567476002,FIN,26.27467024,64.49884844,52.518553,14.614435
139,360,World War II,1,Romania,1,9,9,1944,5,7,1945,-8,-8,-8,-8,-8,-8,-8,2,2,1,-8,10000,4,13365088.567476002,ROU,24.97293286,45.85242939,52.518553,14.614435
139,530,World War II,1,Ethiopia,1,1,24,1941,7,3,1941,-8,-8,-8,-8,-8,-8,-8,4,2,1,-8,5000,4,13365088.567476002,ETH,39.6008014,8.62278417,52.518553,14.614435
99999900,920,World War II in Asia (approx),1,New Zealand,1,9,3,1939,8,14,1945,-8,-8,-8,-8,-8,-8,-8,16,2,1,-8,12200,4,3269818.432523998,NZL,171.48495391,-41.81112825,14.62,121.11
99999900,710,World War II in Asia (approx),1,China,1,12,7,1941,8,14,1945,-8,-8,-8,-8,-8,-8,-8,7,2,1,-8,1350000,4,3269818.432523998,CHN,103.81907385,36.56176801,14.62,121.11
139,350,World War II,1,Greece,1,10,25,1940,4,23,1941,-8,-8,-8,-8,-8,-8,-8,2,2,1,-8,18300,4,13365088.567476002,GRC,22.95556207,39.07466973,52.518553,14.614435
139,220,World War II,1,France,2,7,7,1940,7,14,1941,-8,-8,-8,-8,-8,-8,-8,2,2,2,-8,2500,4,13365088.567476002,FRA,2.53618475,46.18700581,52.518553,14.614435
139,20,World War II,1,Canada,1,9,10,1939,8,14,1945,-8,-8,-8,-8,-8,-8,-8,2,2,1,-8,41992,4,13365088.567476002,CAN,-98.307757230000007,61.36206827,52.518553,14.614435
139,325,World War II,1,Italy,1,10,18,1943,5,7,1945,-8,-8,-8,-8,-8,-8,-8,14,2,1,-8,52400,4,13365088.567476002,ITA,12.07000946,42.79663568,52.518553,14.614435
139,360,World War II,1,Romania,2,6,22,1941,8,23,1944,-8,-8,-8,-8,-8,-8,-8,2,2,2,-8,290000,4,13365088.567476002,ROU,24.97293286,45.85242939,52.518553,14.614435
142,375,Russo-Finnish,1,Finland,2,11,30,1939,3,12,1940,-8,-8,-8,-8,-8,-8,-8,2,2,2,-8,24923,4,151798,FIN,26.27467024,64.49884844,60.1699,24.9384
142,365,Russo-Finnish,1,USSR,1,11,30,1939,3,12,1940,-8,-8,-8,-8,-8,-8,-8,2,1,1,-8,126875,4,151798,RUS,96.68657347,61.98052168,60.1699,24.9384
145,220,Franco-Thai,1,France,2,12,1,1940,1,28,1941,-8,-8,-8,-8,-8,-8,-8,7,2,2,-8,700,4,1400,FRA,2.53618475,46.18700581,17.885662,102.565174
145,800,Franco-Thai,1,Thailand,1,12,1,1940,1,28,1941,-8,-8,-8,-8,-8,-8,-8,7,1,1,-8,700,4,1400,THA,101.00288352,15.11816347,17.885662,102.565174
147,750,First Kashmir,1,India,1,10,26,1947,1,1,1949,-8,-8,-8,-8,-8,-8,-8,7,1,6,-8,2500,4,3500,IND,79.61197355,22.88578035,33.081916,75.977594
147,770,First Kashmir,1,Pakistan,2,10,26,1947,1,1,1949,-8,-8,-8,-8,-8,-8,-8,7,2,6,-8,1000,4,3500,PAK,69.33958027,29.94975221,33.081916,75.977594
148,652,Arab-Israeli,1,Syria,2,5,15,1948,7,18,1948,10,15,1948,10,31,1948,1572,6,2,2,-8,1000,4,8000,SYR,38.50787939,35.02547248,32.281462,34.851044
148,666,Arab-Israeli,1,Israel,1,5,15,1948,7,18,1948,10,15,1948,1,7,1949,1572,6,2,1,-8,3000,4,8000,ISR,35.00444995,31.4611019,32.281462,34.851044
148,660,Arab-Israeli,1,Lebanon,2,5,15,1948,7,18,1948,10,15,1948,10,31,1948,1572,6,2,2,-8,500,4,8000,LBN,35.88016327,33.92306993,32.281462,34.851044
148,645,Arab-Israeli,1,Iraq,2,5,15,1948,7,18,1948,10,15,1948,10,31,1948,1572,6,2,2,-8,500,4,8000,IRQ,43.74353204,33.03970511,32.281462,34.851044
148,663,Arab-Israeli,1,Jordan,2,5,15,1948,7,18,1948,10,15,1948,10,31,1948,1572,6,1,2,-8,1000,4,8000,JOR,36.77137251,31.24579389,32.281462,34.851044
148,651,Arab-Israeli,1,Egypt,2,5,15,1948,7,18,1948,10,15,1948,1,7,1949,1572,6,2,2,-8,2000,4,8000,EGY,29.8618993,26.49593108,32.281462,34.851044
151,211,Korean,1,Belgium,1,1,20,1951,7,27,1953,-8,-8,-8,-8,-8,-8,-8,7,2,6,-8,97,4,910084,BEL,4.64064572,50.63981435,37.9558,126.677
151,220,Korean,1,France,1,1,1,1951,7,27,1953,-8,-8,-8,-8,-8,-8,-8,7,2,6,-8,288,4,910084,FRA,2.53618475,46.18700581,37.9558,126.677
151,640,Korean,1,Turkey,1,10,18,1950,7,27,1953,-8,-8,-8,-8,-8,-8,-8,7,2,6,-8,717,4,910084,TUR,35.16895529,39.06160342,37.9558,126.677
151,530,Korean,1,Ethiopia,1,5,1,1951,7,27,1953,-8,-8,-8,-8,-8,-8,-8,7,2,6,-8,120,4,910084,ETH,39.6008014,8.62278417,37.9558,126.677
151,732,Korean,1,South Korea,1,6,24,1950,7,27,1953,-8,-8,-8,-8,-8,-8,-8,7,2,6,-8,113248,4,910084,KOR,127.83916926,36.3852463,37.9558,126.677
151,200,Korean,1,United Kingdom,1,8,29,1950,7,27,1953,-8,-8,-8,-8,-8,-8,-8,7,2,6,-8,710,4,910084,GBR,-2.86563362,54.12387156,37.9558,126.677
151,210,Korean,1,Netherlands,1,1,20,1951,7,27,1953,-8,-8,-8,-8,-8,-8,-8,7,2,6,-8,111,4,910084,NLD,5.2814735,52.10080804,37.9558,126.677
151,900,Korean,1,Australia,1,12,10,1950,7,27,1953,-8,-8,-8,-8,-8,-8,-8,7,2,6,-8,291,4,910084,AUS,134.49099877,-25.73288736,37.9558,126.677
151,710,Korean,1,China,2,10,27,1950,7,27,1953,-8,-8,-8,-8,-8,-8,-8,7,2,6,-8,422612,4,910084,CHN,103.81907385,36.56176801,37.9558,126.677
151,840,Korean,1,Philippines,1,9,16,1950,7,27,1953,-8,-8,-8,-8,-8,-8,-8,7,2,6,-8,92,4,910084,PHL,122.88392153,11.77539737,37.9558,126.677
151,350,Korean,1,Greece,1,1,20,1951,7,27,1953,-8,-8,-8,-8,-8,-8,-8,7,2,6,-8,169,4,910084,GRC,22.95556207,39.07466973,37.9558,126.677
151,20,Korean,1,Canada,1,12,19,1950,7,27,1953,-8,-8,-8,-8,-8,-8,-8,7,2,6,-8,309,4,910084,CAN,-98.307757230000007,61.36206827,37.9558,126.677
151,2,Korean,1,United States of America,1,6,27,1950,7,27,1953,-8,-8,-8,-8,-8,-8,-8,7,2,6,-8,54487,4,910084,USA,-112.46167057,45.67955203,37.9558,126.677
151,731,Korean,1,North Korea,2,6,24,1950,7,27,1953,-8,-8,-8,-8,-8,-8,-8,7,1,6,-8,316579,4,910084,PRK,127.19247812,40.15350291,37.9558,126.677
151,100,Korean,1,Colombia,1,6,6,1951,7,27,1953,-8,-8,-8,-8,-8,-8,-8,7,2,6,-8,140,4,910084,COL,-73.08114936,3.91383156,37.9558,126.677
151,800,Korean,1,Thailand,1,1,20,1951,7,27,1953,-8,-8,-8,-8,-8,-8,-8,7,2,6,-8,114,4,910084,THA,101.00288352,15.11816347,37.9558,126.677
153,710,Off-shore Islands,1,China,1,9,3,1954,4,23,1955,-8,-8,-8,-8,-8,-8,-8,7,1,1,-8,1003,4,2370,CHN,103.81907385,36.56176801,24.439791,118.402923
153,713,Off-shore Islands,1,Taiwan,2,9,3,1954,4,23,1955,-8,-8,-8,-8,-8,-8,-8,7,2,2,-8,1367,4,2370,TWN,120.95427264,23.75400343,24.439791,118.402923
155,200,Sinai War,1,United Kingdom,1,10,31,1956,11,6,1956,-8,-8,-8,-8,-8,-8,-8,6,2,1,-8,22,4,3221,GBR,-2.86563362,54.12387156,30.3694,34.6071
155,220,Sinai War,1,France,1,10,31,1956,11,6,1956,-8,-8,-8,-8,-8,-8,-8,6,2,1,-8,10,4,3221,FRA,2.53618475,46.18700581,30.3694,34.6071
155,666,Sinai War,1,Israel,1,10,29,1956,11,6,1956,-8,-8,-8,-8,-8,-8,-8,6,1,1,-8,189,4,3221,ISR,35.00444995,31.4611019,30.3694,34.6071
155,651,Sinai War,1,Egypt,2,10,29,1956,11,6,1956,-8,-8,-8,-8,-8,-8,-8,6,2,2,-8,3000,4,3221,EGY,29.8618993,26.49593108,30.3694,34.6071
156,365,Soviet Invasion of Hungary,1,USSR,1,11,4,1956,11,14,1956,-8,-8,-8,-8,-8,-8,-8,2,1,1,-8,1500,4,2426,RUS,96.68657347,61.98052168,47.4979,19.0402
156,310,Soviet Invasion of Hungary,1,Hungary,2,11,4,1956,11,14,1956,-8,-8,-8,-8,-8,-8,-8,2,2,2,-8,926,4,2426,HUN,19.39559381,47.16277712,47.4979,19.0402
158,600,IfniWar,1,Morocco,2,11,21,1957,4,10,1958,-8,-8,-8,-8,-8,-8,-8,6,1,2,-8,1000,4,1122,MAR,-8.45616045,29.83762793,29.353335,-10.186582
158,220,IfniWar,1,France,1,2,10,1958,4,10,1958,-8,-8,-8,-8,-8,-8,-8,6,2,1,-8,0,4,1122,FRA,2.53618475,46.18700581,29.353335,-10.186582
158,230,IfniWar,1,Spain,1,11,21,1957,4,10,1958,-8,-8,-8,-8,-8,-8,-8,6,2,1,-8,122,4,1122,ESP,-3.64754874,40.24448626,29.353335,-10.186582
159,710,Taiwan Straits,1,China (PRC),1,8,23,1958,11,23,1958,-8,-8,-8,-8,-8,-8,-8,7,1,6,-8,300,4,1800,CHN,103.81907385,36.56176801,24.44751,118.353383
159,713,Taiwan Straits,1,Taiwan (ROC),2,8,23,1958,11,23,1958,-8,-8,-8,-8,-8,-8,-8,7,2,6,-8,1500,4,1800,TWN,120.95427264,23.75400343,24.44751,118.353383
160,750,Assam,1,India,2,10,20,1962,11,22,1962,-8,-8,-8,-8,-8,-8,-8,7,2,2,-8,1353,4,1853,IND,79.61197355,22.88578035,33.557171,78.745692
160,710,Assam,1,China (PRC),1,10,20,1962,11,22,1962,-8,-8,-8,-8,-8,-8,-8,7,1,1,-8,500,4,1853,CHN,103.81907385,36.56176801,33.557171,78.745692
163,817,"Vietnam War, Phase 2",1,South Vietnam,2,2,7,1965,4,30,1975,-8,-8,-8,-8,-8,-8,748,7,2,2,-8,254257,4,1021442,NA,NA,NA,17.01,106.82
163,811,"Vietnam War, Phase 2",1,Cambodia,2,3,1,1970,4,17,1975,-8,-8,-8,-8,-8,-8,748,7,2,2,-8,2500,4,1021442,KHM,104.90694312,12.72004932,17.01,106.82
163,840,"Vietnam War, Phase 2",1,Philippines,2,10,1,1966,1,28,1973,-8,-8,-8,-8,-8,-8,748,7,2,2,-8,1000,4,1021442,PHL,122.88392153,11.77539737,17.01,106.82
163,900,"Vietnam War, Phase 2",1,Australia,2,2,7,1965,12,20,1972,-8,-8,-8,-8,-8,-8,748,7,2,2,-8,494,4,1021442,AUS,134.49099877,-25.73288736,17.01,106.82
163,2,"Vietnam War, Phase 2",1,United States of America,2,2,7,1965,1,27,1973,-8,-8,-8,-8,-8,-8,748,7,1,2,-8,58153,4,1021442,USA,-112.46167057,45.67955203,17.01,106.82
163,732,"Vietnam War, Phase 2",1,South Korea,2,5,1,1965,1,28,1973,-8,-8,-8,-8,-8,-8,748,7,2,2,-8,4687,4,1021442,KOR,127.83916926,36.3852463,17.01,106.82
163,816,"Vietnam War, Phase 2",1,Vietnam,1,2,7,1965,4,30,1975,-8,-8,-8,-8,-8,-8,748,7,2,1,-8,700000,4,1021442,VNM,106.29913857,16.64601451,17.01,106.82
163,800,"Vietnam War, Phase 2",1,Thailand,2,10,1,1967,1,28,1973,-8,-8,-8,-8,-8,-8,748,7,2,2,-8,351,4,1021442,THA,101.00288352,15.11816347,17.01,106.82
166,750,Second Kashmir,1,India,2,8,5,1965,9,23,1965,-8,-8,-8,-8,-8,-8,-8,7,2,2,-8,3261,4,7061,IND,79.61197355,22.88578035,33.7594,76.6126
166,770,Second Kashmir,1,Pakistan,1,8,5,1965,9,23,1965,-8,-8,-8,-8,-8,-8,-8,7,1,1,-8,3800,4,7061,PAK,69.33958027,29.94975221,33.7594,76.6126
169,666,Six Day War,1,Israel,1,6,5,1967,6,10,1967,-8,-8,-8,-8,-8,-8,-8,6,1,1,-8,1000,4,19600,ISR,35.00444995,31.4611019,30.9629,32.3016
169,663,Six Day War,1,Jordan,2,6,5,1967,6,10,1967,-8,-8,-8,-8,-8,-8,-8,6,2,2,-8,6100,4,19600,JOR,36.77137251,31.24579389,30.9629,32.3016
169,651,Six Day War,1,Egypt,2,6,5,1967,6,10,1967,-8,-8,-8,-8,-8,-8,-8,6,2,2,-8,10000,4,19600,EGY,29.8618993,26.49593108,30.9629,32.3016
169,652,Six Day War,1,Syria,2,6,5,1967,6,10,1967,-8,-8,-8,-8,-8,-8,-8,6,2,2,-8,2500,4,19600,SYR,38.50787939,35.02547248,30.9629,32.3016
170,800,"Second Laotian, Phase 2",1,Thailand,2,3,17,1970,4,17,1973,-8,-8,-8,-8,-8,-8,756,7,2,2,-8,-9,4,13875,THA,101.00288352,15.11816347,13.2301,106.617
170,2,"Second Laotian, Phase 2",1,United States of America,2,1,13,1968,4,17,1973,-8,-8,-8,-8,-8,-8,756,7,2,2,-8,375,4,13875,USA,-112.46167057,45.67955203,13.2301,106.617
170,812,"Second Laotian, Phase 2",1,Laos,2,1,13,1968,4,17,1973,-8,-8,-8,-8,-8,-8,756,7,2,2,-8,11250,4,13875,LAO,103.73772128,18.50217971,13.2301,106.617
170,816,"Second Laotian, Phase 2",1,Vietnam,1,1,13,1968,4,17,1973,-8,-8,-8,-8,-8,-8,756,7,1,1,-8,2250,4,13875,VNM,106.29913857,16.64601451,13.2301,106.617
172,651,War of Attrition,1,Egypt,2,3,6,1969,8,7,1970,-8,-8,-8,-8,-8,-8,-8,6,1,6,-8,5000,4,5368,EGY,29.8618993,26.49593108,30.9629,32.3016
172,666,War of Attrition,1,Israel,1,3,6,1969,8,7,1970,-8,-8,-8,-8,-8,-8,-8,6,2,6,-8,368,4,5368,ISR,35.00444995,31.4611019,30.9629,32.3016
175,92,Football War,1,El Salvador,1,7,14,1969,7,18,1969,-8,-8,-8,-8,-8,-8,-8,1,1,1,-8,700,4,1900,SLV,-88.87164456,13.73944008,13.8792,-88.3707
175,91,Football War,1,Honduras,2,7,14,1969,7,18,1969,-8,-8,-8,-8,-8,-8,-8,1,2,2,-8,1200,4,1900,HND,-86.61516846,14.82688225,13.8792,-88.3707
176,816,Communist Coalition,1,Vietnam,1,3,23,1970,7,2,1971,-8,-8,-8,-8,-8,-8,-8,7,1,4,785,400,4,6525,VNM,106.29913857,16.64601451,19.2248,104.094
176,2,Communist Coalition,1,United States of America,2,5,1,1970,7,2,1971,-8,-8,-8,-8,-8,-8,-8,7,2,4,785,125,4,6525,USA,-112.46167057,45.67955203,19.2248,104.094
176,817,Communist Coalition,1,South Vietnam,2,5,1,1970,7,2,1971,-8,-8,-8,-8,-8,-8,-8,7,2,4,785,1000,4,6525,NA,NA,NA,19.2248,104.094
176,811,Communist Coalition,1,Cambodia,2,3,23,1970,7,2,1971,-8,-8,-8,-8,-8,-8,-8,7,2,4,785,5000,4,6525,KHM,104.90694312,12.72004932,19.2248,104.094
178,750,Bangladesh,1,India,1,12,3,1971,12,17,1971,-8,-8,-8,-8,-8,-8,782,7,2,1,-8,3241,4,11223,IND,79.61197355,22.88578035,25.224762,88.865899
178,770,Bangladesh,1,Pakistan,2,12,3,1971,12,17,1971,-8,-8,-8,-8,-8,-8,782,7,1,2,-8,7982,4,11223,PAK,69.33958027,29.94975221,25.224762,88.865899
181,670,Yom Kippur War,1,Saudi Arabia,2,10,10,1973,10,24,1973,-8,-8,-8,-8,-8,-8,-8,6,2,2,-8,100,4,14439,SAU,44.53687041,24.12245467,33.0388,35.8546
181,666,Yom Kippur War,1,Israel,1,10,6,1973,10,24,1973,-8,-8,-8,-8,-8,-8,-8,6,2,1,-8,2838,4,14439,ISR,35.00444995,31.4611019,33.0388,35.8546
181,651,Yom Kippur War,1,Egypt,2,10,6,1973,10,24,1973,-8,-8,-8,-8,-8,-8,-8,6,1,2,-8,7700,4,14439,EGY,29.8618993,26.49593108,33.0388,35.8546
181,652,Yom Kippur War,1,Syria,2,10,6,1973,10,24,1973,-8,-8,-8,-8,-8,-8,-8,6,1,2,-8,3500,4,14439,SYR,38.50787939,35.02547248,33.0388,35.8546
181,663,Yom Kippur War,1,Jordan,2,10,10,1973,10,24,1973,-8,-8,-8,-8,-8,-8,-8,6,2,2,-8,23,4,14439,JOR,36.77137251,31.24579389,33.0388,35.8546
181,645,Yom Kippur War,1,Iraq,2,10,6,1973,10,24,1973,-8,-8,-8,-8,-8,-8,-8,6,2,2,-8,278,4,14439,IRQ,43.74353204,33.03970511,33.0388,35.8546
184,640,Turco-Cypriot,1,Turkey,1,7,20,1974,7,29,1974,8,14,1974,8,16,1974,-8,2,1,1,-8,1000,4,1500,TUR,35.16895529,39.06160342,35.0459,33.2218
184,352,Turco-Cypriot,1,Cyprus,2,7,20,1974,7,29,1974,8,14,1974,8,16,1974,-8,2,2,2,-8,500,4,1500,CYP,33.5684401,35.2627605,35.0459,33.2218
184,352,Turco-Cypriot,1,Cyprus,2,7,20,1974,7,29,1974,8,14,1974,8,16,1974,-8,2,2,2,-8,500,4,1500,CYP,33.00600358,34.91666932,35.0459,33.2218
186,560,War over Angola,1,South Africa,2,10,23,1975,2,12,1976,-8,-8,-8,-8,-8,-8,1581,4,1,4,804,100,4,2700,ZAF,25.08388384,-29.0003377,-12.589568,17.026094
186,490,War over Angola,1,Democratic Republic of the Congo,2,10,23,1975,2,12,1976,-8,-8,-8,-8,-8,-8,1581,4,2,4,804,100,4,2700,COD,23.64395637,-2.87746013,-12.589568,17.026094
186,40,War over Angola,1,Cuba,1,10,23,1975,2,12,1976,-8,-8,-8,-8,-8,-8,1581,4,2,4,804,1500,4,2700,CUB,-79.01606913,21.62290023,-12.589568,17.026094
186,540,War over Angola,1,Angola,1,11,11,1975,2,12,1976,-8,-8,-8,-8,-8,-8,1581,4,2,4,804,1000,4,2700,AGO,17.53736149,-12.29336112,-12.589568,17.026094
187,520,"Second Ogaden War, Phase 2",1,Somalia,2,7,23,1977,3,9,1978,-8,-8,-8,-8,-8,-8,805,4,1,4,808,8000,4,10500,SOM,45.70716243,4.75065195,7.70284,47.6729
187,40,"Second Ogaden War, Phase 2",1,Cuba,1,11,23,1977,3,9,1978,-8,-8,-8,-8,-8,-8,805,4,2,4,808,700,4,10500,CUB,-79.01606913,21.62290023,7.70284,47.6729
187,530,"Second Ogaden War, Phase 2",1,Ethiopia,1,7,23,1977,3,9,1978,-8,-8,-8,-8,-8,-8,805,4,2,4,808,1800,4,10500,ETH,39.6008014,8.62278417,7.70284,47.6729
189,811,Vietnamese-Cambodian,1,Cambodia,2,9,24,1977,1,8,1979,-8,-8,-8,-8,-8,-8,-8,7,1,4,475,5000,4,8000,KHM,104.90694312,12.72004932,11.5449,104.892
189,816,Vietnamese-Cambodian,1,Vietnam,1,9,24,1977,1,8,1979,-8,-8,-8,-8,-8,-8,-8,7,2,4,475,3000,4,8000,VNM,106.29913857,16.64601451,11.5449,104.892
190,500,Ugandian-Tanzanian,1,Uganda,2,10,28,1978,4,11,1979,-8,-8,-8,-8,-8,-8,-8,4,1,2,-8,1500,4,3000,UGA,32.36907536,1.27469024,-1.00008,32.1947
190,510,Ugandian-Tanzanian,1,Tanzania,1,10,28,1978,4,11,1979,-8,-8,-8,-8,-8,-8,-8,4,2,1,-8,1000,4,3000,TZA,34.81310214,-6.27565815,-1.00008,32.1947
190,620,Ugandian-Tanzanian,1,Libya,2,2,1,1979,4,11,1979,-8,-8,-8,-8,-8,-8,-8,4,2,2,-8,500,4,3000,LBY,18.00865782,27.03094247,-1.00008,32.1947
193,816,Sino-Vietnamese Punitive,1,Vietnam,2,2,17,1979,3,16,1979,-8,-8,-8,-8,-8,-8,-8,7,2,2,-8,8000,4,21000,VNM,106.29913857,16.64601451,23.2844,105.201
193,710,Sino-Vietnamese Punitive,1,China,1,2,17,1979,3,16,1979,-8,-8,-8,-8,-8,-8,-8,7,1,1,-8,13000,4,21000,CHN,103.81907385,36.56176801,23.2844,105.201
199,645,Iran-Iraq,1,Iraq,2,9,22,1980,8,20,1988,-8,-8,-8,-8,-8,-8,-8,6,1,6,-8,500000,4,1250000,IRQ,43.74353204,33.03970511,30.4622,48.0287
199,630,Iran-Iraq,1,Iran,1,9,22,1980,8,20,1988,-8,-8,-8,-8,-8,-8,-8,6,2,6,-8,750000,4,1250000,IRN,54.27407071,32.57503287,30.4622,48.0287
202,160,Falkland Islands,1,Argentina,2,3,25,1982,6,15,1982,-8,-8,-8,-8,-8,-8,-8,1,1,2,-8,746,4,1001,ARG,-65.17980881,-35.38135347,-51.7963,-59.5236
202,200,Falkland Islands,1,United Kingdom,1,3,25,1982,6,15,1982,-8,-8,-8,-8,-8,-8,-8,1,2,1,-8,255,4,1001,GBR,-2.86563362,54.12387156,-51.7963,-59.5236
205,652,War over Lebanon,1,Syria,2,4,21,1982,9,15,1982,-8,-8,-8,-8,-8,-8,-8,6,2,6,-8,1200,4,1655,SYR,38.50787939,35.02547248,33.8938,35.5018
205,666,War over Lebanon,1,Israel,1,4,21,1982,9,15,1982,-8,-8,-8,-8,-8,-8,-8,6,1,6,-8,455,4,1655,ISR,35.00444995,31.4611019,33.8938,35.5018
207,483,War over the Aouzou Strip,1,Chad,1,11,15,1986,9,11,1987,-8,-8,-8,-8,-8,-8,-8,18,1,1,-8,1000,4,8000,TCD,18.64493211,15.33333336,21.812487,17.453119
207,620,War over the Aouzou Strip,1,Libya,2,11,15,1986,9,11,1987,-8,-8,-8,-8,-8,-8,-8,18,2,2,-8,7000,4,8000,LBY,18.00865782,27.03094247,21.812487,17.453119
208,816,Sino-Vietnamese Border War,1,Vietnam,2,1,5,1987,2,6,1987,-8,-8,-8,-8,-8,-8,-8,7,2,6,-8,2200,4,4000,VNM,106.29913857,16.64601451,23.2844,105.201
208,710,Sino-Vietnamese Border War,1,China,1,1,5,1987,2,6,1987,-8,-8,-8,-8,-8,-8,-8,7,1,6,-8,1800,4,4000,CHN,103.81907385,36.56176801,23.2844,105.201
211,698,Gulf War,1,Oman,1,1,16,1991,4,11,1991,-8,-8,-8,-8,-8,-8,-8,6,2,1,-8,0,4,41466,OMN,56.09165967,20.60515412,29.362458,47.698599
211,200,Gulf War,1,United Kingdom,1,1,16,1991,4,11,1991,-8,-8,-8,-8,-8,-8,-8,6,2,1,-8,24,4,41466,GBR,-2.86563362,54.12387156,29.362458,47.698599
211,325,Gulf War,1,Italy,1,1,16,1991,4,11,1991,-8,-8,-8,-8,-8,-8,-8,6,2,1,-8,0,4,41466,ITA,12.07000946,42.79663568,29.362458,47.698599
211,651,Gulf War,1,Egypt,1,1,16,1991,4,11,1991,-8,-8,-8,-8,-8,-8,-8,6,2,1,-8,14,4,41466,EGY,29.8618993,26.49593108,29.362458,47.698599
211,20,Gulf War,1,Canada,1,1,16,1991,4,11,1991,-8,-8,-8,-8,-8,-8,-8,6,2,1,-8,0,4,41466,CAN,-98.307757230000007,61.36206827,29.362458,47.698599
211,694,Gulf War,1,Qatar,1,1,16,1991,4,11,1991,-8,-8,-8,-8,-8,-8,-8,6,2,1,-8,0,4,41466,QAT,51.18478512,25.30600936,29.362458,47.698599
211,600,Gulf War,1,Morocco,1,1,16,1991,4,11,1991,-8,-8,-8,-8,-8,-8,-8,6,2,1,-8,0,4,41466,MAR,-8.45616045,29.83762793,29.362458,47.698599
211,2,Gulf War,1,United States of America,1,1,16,1991,4,11,1991,-8,-8,-8,-8,-8,-8,-8,6,2,1,-8,376,4,41466,USA,-112.46167057,45.67955203,29.362458,47.698599
211,696,Gulf War,1,United Arab Emirates,1,1,16,1991,4,11,1991,-8,-8,-8,-8,-8,-8,-8,6,2,1,-8,6,4,41466,ARE,54.30015737,23.90527175,29.362458,47.698599
211,670,Gulf War,1,Saudi Arabia,1,1,16,1991,4,11,1991,-8,-8,-8,-8,-8,-8,-8,6,2,1,-8,44,4,41466,SAU,44.53687041,24.12245467,29.362458,47.698599
211,645,Gulf War,1,Iraq,2,8,2,1990,4,11,1991,-8,-8,-8,-8,-8,-8,-8,6,1,2,-8,40000,4,41466,IRQ,43.74353204,33.03970511,29.362458,47.698599
211,220,Gulf War,1,France,1,1,16,1991,4,11,1991,-8,-8,-8,-8,-8,-8,-8,6,2,1,-8,2,4,41466,FRA,2.53618475,46.18700581,29.362458,47.698599
211,690,Gulf War,1,Kuwait,1,8,2,1990,4,11,1991,-8,-8,-8,-8,-8,-8,-8,6,2,1,-8,1000,4,41466,KWT,47.58699362,29.33431677,29.362458,47.698599
211,652,Gulf War,1,Syria,1,1,16,1991,4,11,1991,-8,-8,-8,-8,-8,-8,-8,6,2,1,-8,0,4,41466,SYR,38.50787939,35.02547248,29.362458,47.698599
215,346,Bosnian Independence,1,Bosnia,1,4,7,1992,5,13,1992,-8,-8,-8,-8,-8,-8,-8,2,2,4,877,2850,4,5240,BIH,17.76876588,44.17449912,44.026656,17.962806
215,345,Bosnian Independence,1,Yugoslavia,2,4,7,1992,5,13,1992,-8,-8,-8,-8,-8,-8,-8,2,1,4,877,1890,4,5240,NA,NA,NA,44.026656,17.962806
215,344,Bosnian Independence,1,Croatia,1,4,7,1992,5,13,1992,-8,-8,-8,-8,-8,-8,-8,2,2,4,877,500,4,5240,HRV,16.40413079,45.08047284,44.026656,17.962806
216,373,Azeri-Armenian,1,Azerbaijan,2,2,6,1993,5,12,1994,-8,-8,-8,-8,-8,-8,872,2,2,2,-8,8500,4,14000,AZE,47.54599646,40.28827674,39.707792,46.183919
216,371,Azeri-Armenian,1,Armenia,1,2,6,1993,5,12,1994,-8,-8,-8,-8,-8,-8,872,2,1,1,-8,5500,4,14000,ARM,44.9299343,40.28952206,39.707792,46.183919
217,130,Cenepa Valley,1,Ecuador,2,1,9,1995,2,27,1995,-8,-8,-8,-8,-8,-8,-8,1,1,3,-8,550,4,1500,ECU,-78.75203573,-1.42381949,4.545201,-78.450167
217,135,Cenepa Valley,1,Peru,1,1,9,1995,2,27,1995,-8,-8,-8,-8,-8,-8,-8,1,2,3,-8,950,4,1500,PER,-74.38242889,-9.15280281,4.545201,-78.450167
219,530,Badme Border,1,Ethiopia,2,5,6,1998,12,12,2000,-8,-8,-8,-8,-8,-8,-8,4,2,6,-8,70000,4,120000,ETH,39.6008014,8.62278417,14.7256,37.8048
219,531,Badme Border,1,Eritrea,1,5,6,1998,12,12,2000,-8,-8,-8,-8,-8,-8,-8,4,1,6,-8,50000,4,120000,ERI,38.84615444,15.36186881,14.7256,37.8048
221,325,War for Kosovo,1,Italy,1,3,24,1999,6,10,1999,-8,-8,-8,-8,-8,-8,900,2,1,1,-8,0,4,5002,ITA,12.07000946,42.79663568,42.552398,20.872216
221,2,War for Kosovo,1,United States of America,1,3,24,1999,6,10,1999,-8,-8,-8,-8,-8,-8,900,2,1,1,-8,2,4,5002,USA,-112.46167057,45.67955203,42.552398,20.872216
221,200,War for Kosovo,1,United Kingdom,1,3,24,1999,6,10,1999,-8,-8,-8,-8,-8,-8,900,2,1,1,-8,0,4,5002,GBR,-2.86563362,54.12387156,42.552398,20.872216
221,255,War for Kosovo,1,Germany,1,3,24,1999,6,10,1999,-8,-8,-8,-8,-8,-8,900,2,1,1,-8,0,4,5002,DEU,10.38577693,51.10697903,42.552398,20.872216
221,345,War for Kosovo,1,Yugoslavia,2,3,24,1999,6,10,1999,-8,-8,-8,-8,-8,-8,900,2,2,2,-8,5000,4,5002,NA,NA,NA,42.552398,20.872216
221,210,War for Kosovo,1,Netherlands,1,3,24,1999,6,10,1999,-8,-8,-8,-8,-8,-8,900,2,1,1,-8,0,4,5002,NLD,5.2814735,52.10080804,42.552398,20.872216
221,640,War for Kosovo,1,Turkey,1,3,24,1999,6,10,1999,-8,-8,-8,-8,-8,-8,900,2,1,1,-8,0,4,5002,TUR,35.16895529,39.06160342,42.552398,20.872216
221,220,War for Kosovo,1,France,1,3,24,1999,6,10,1999,-8,-8,-8,-8,-8,-8,900,2,1,1,-8,0,4,5002,FRA,2.53618475,46.18700581,42.552398,20.872216
223,750,Kargil War,1,India,1,5,8,1999,7,17,1999,-8,-8,-8,-8,-8,-8,-8,7,2,1,-8,474,4,1172,IND,79.61197355,22.88578035,34.1529,73.9277
223,770,Kargil War,1,Pakistan,2,5,8,1999,7,17,1999,-8,-8,-8,-8,-8,-8,-8,7,1,2,-8,698,4,1172,PAK,69.33958027,29.94975221,34.1529,73.9277
225,2,Invasion of Afghanistan,1,United States of America,1,10,7,2001,12,22,2001,-8,-8,-8,-8,-8,-8,851,7,1,4,481,2,4,4002,USA,-112.46167057,45.67955203,34.473231,68.903733
225,900,Invasion of Afghanistan,1,Australia,1,10,17,2001,12,22,2001,-8,-8,-8,-8,-8,-8,851,7,2,4,481,0,4,4002,AUS,134.49099877,-25.73288736,34.473231,68.903733
225,220,Invasion of Afghanistan,1,France,1,10,21,2001,12,22,2001,-8,-8,-8,-8,-8,-8,851,7,2,4,481,0,4,4002,FRA,2.53618475,46.18700581,34.473231,68.903733
225,700,Invasion of Afghanistan,1,Afghanistan,2,10,7,2001,12,22,2001,-8,-8,-8,-8,-8,-8,851,7,2,4,481,4000,4,4002,AFG,66.00473115,33.83523216,34.473231,68.903733
225,20,Invasion of Afghanistan,1,Canada,1,11,15,2001,12,22,2001,-8,-8,-8,-8,-8,-8,851,7,2,4,481,0,4,4002,CAN,-98.307757230000007,61.36206827,34.473231,68.903733
225,200,Invasion of Afghanistan,1,United Kingdom,1,10,7,2001,12,22,2001,-8,-8,-8,-8,-8,-8,851,7,1,4,481,0,4,4002,GBR,-2.86563362,54.12387156,34.473231,68.903733
227,2,Invasion of Iraq,1,United States of America,1,3,19,2003,5,2,2003,-8,-8,-8,-8,-8,-8,-8,6,1,4,482,140,4,7173,USA,-112.46167057,45.67955203,36.3566,43.164
227,645,Invasion of Iraq,1,Iraq,2,3,19,2003,5,2,2003,-8,-8,-8,-8,-8,-8,-8,6,2,4,482,7000,4,7173,IRQ,43.74353204,33.03970511,36.3566,43.164
227,900,Invasion of Iraq,1,Australia,1,3,19,2003,5,2,2003,-8,-8,-8,-8,-8,-8,-8,6,1,4,482,0,4,7173,AUS,134.49099877,-25.73288736,36.3566,43.164
227,200,Invasion of Iraq,1,United Kingdom,1,3,19,2003,5,2,2003,-8,-8,-8,-8,-8,-8,-8,6,1,4,482,33,4,7173,GBR,-2.86563362,54.12387156,36.3566,43.164
99999,NA,Armenia v Azerbaijan,NA,NA,NA,NA,NA,2020,NA,NA,2020,NA,NA,2020,NA,NA,2020,NA,NA,NA,NA,NA,NA,NA,7000,NA,NA,NA,39.869473,46.255298
999999,NA,2022 Russo-Ukraine war,NA,NA,NA,NA,NA,2022,NA,NA,2022,NA,NA,2022,NA,NA,2022,NA,NA,NA,NA,NA,NA,NA,50000,NA,NA,NA,36.305,50.251
