year,month,gainer,gaintype,procedur,entity,contgain,area,pop,portion,loser,losetype,contlose,entry,exit,number,indep,conflict,version
1816,7,160,1,-9,160,-9,2093164.00,1970000,1,230,0,0,1,0,3,1,0,5
1816,3,200,0,3,790,0,1.00,.,0,790,1,1,0,0,4,0,1,5
1816,.,200,0,3,420,0,179.00,.,0,-9,1,-9,0,0,5,0,0,5
1817,.,220,0,3,433,0,7819.00,100000,1,200,0,0,0,0,28,0,0,5
1817,.,365,1,1,365,1,650.00,.,0,-9,1,1,0,0,29,0,1,5
1818,10,2,1,3,20,1,84240.00,.,0,200,0,0,0,0,30,0,0,5
1818,12,155,1,-9,155,-9,464568.00,1656300,1,230,0,0,1,0,31,1,1,5
1818,10,200,0,3,2,0,41600.00,.,0,2,1,1,0,0,32,0,0,5
1818,6,200,0,1,750,0,421200.00,.,0,-9,1,-9,0,0,33,0,1,5
1818,.,200,0,2,438,0,16.00,.,0,-9,1,-9,0,0,34,0,0,5
1818,.,640,1,3,671,1,388500.00,.,1,-9,1,-9,0,0,35,0,1,5
1819,2,2,1,3,40,1,186488.00,54477,0,230,0,0,0,0,36,0,0,5
1819,12,100,1,-9,100,-9,660760.00,1400000,1,230,0,0,1,0,37,1,0,5
1819,.,220,0,2,580,0,1.00,.,0,580,1,1,0,0,38,0,0,5
1821,11,42,1,-9,42,-9,48734.00,89000,1,230,0,0,-9,0,39,1,0,5
1821,3,70,1,-9,70,-9,1426757.00,7000000,1,230,0,0,1,0,40,1,0,5
1821,6,100,1,1,101,1,1082207.00,800000,1,230,0,0,0,0,41,0,1,5
1821,7,135,1,-9,135,-9,1559891.00,1929300,1,230,0,0,-9,0,42,1,0,5
1821,11,235,0,3,165,0,269810.00,70000,1,230,0,0,0,0,43,0,0,5
1822,5,100,1,1,130,1,550685.00,600000,1,230,0,0,0,0,44,0,1,5
1822,.,640,1,1,625,1,229471.00,100000,1,-9,1,-9,0,0,45,0,1,5
1824,12,140,1,-9,140,-9,8259504.00,5306418,1,235,0,0,1,0,46,1,0,5
1824,3,200,0,3,830,0,583.00,10000,1,-9,1,1,0,0,47,0,0,5
1824,3,200,0,3,827,0,1658.00,77756,0,210,0,0,0,0,48,0,0,5
1824,3,210,0,3,850,0,25089.00,93875,0,200,0,0,0,0,49,0,0,5
1825,8,145,1,-9,145,-9,3016000.00,1750000,1,230,0,0,1,0,50,1,0,5
1825,12,200,0,2,9993,0,48.00,0,1,-9,1,-9,0,0,51,0,0,5
1825,.,580,1,1,580,1,1.00,.,0,220,0,0,0,0,52,0,0,5
1825,.,616,1,4,616,-9,116348.00,875000,1,640,0,1,-9,0,53,1,0,5
1826,.,200,0,2,561,0,200000.00,.,0,-9,1,-9,0,0,54,0,0,5
1826,2,200,0,1,775,0,169098.00,1222998,0,775,1,1,0,0,55,0,1,5
1826,6,200,0,3,821,0,1.00,.,0,-9,1,-9,0,0,56,0,0,5
1828,12,165,1,4,165,-9,269810.00,70000,1,140,0,1,1,0,57,1,1,5
1828,12,210,0,1,851,0,412781.00,200000,1,-9,1,-9,0,0,58,0,0,5
1828,12,350,1,4,350,-9,39510.00,637700,1,640,0,1,1,0,59,1,1,5
1828,2,365,1,3,630,1,29800.00,.,0,630,1,1,0,0,60,0,1,5
1829,.,200,0,3,413,0,2034.00,2300,1,230,0,0,0,0,61,0,0,5
1829,9,365,1,3,640,1,8580.00,.,0,640,1,1,0,0,62,0,1,5
1829,.,365,1,1,365,1,4680.00,.,0,-9,1,-9,0,0,63,0,1,5
1830,10,211,1,4,211,-9,27407.00,3533538,1,210,0,1,1,0,64,1,1,5
1830,9,220,0,1,615,0,275317.00,73200,0,640,1,1,0,0,65,0,0,5
1830,.,365,1,1,365,1,9360.00,.,0,-9,1,-9,0,0,66,0,1,5
1832,12,100,1,3,130,1,140976.00,276249,0,130,1,1,0,0,67,0,0,5
1833,1,200,0,2,1163,0,11961.00,20,1,160,1,0,0,0,68,0,0,5
1835,.,200,0,2,561,0,1.00,.,0,-9,1,-9,0,0,69,0,0,5
1836,3,7,1,4,7,-9,1010472.00,38000,1,70,0,1,-9,0,70,1,1,5
1839,1,135,1,4,135,-9,1559891.00,1929300,1,145,0,1,1,0,72,1,1,5
1839,1,200,0,2,680,0,207.00,29730,1,-9,1,-9,0,0,73,0,0,5
1839,.,200,0,2,761,0,3016.00,.,0,761,1,1,0,0,74,0,0,5
1839,.,210,0,3,850,0,5560.00,20978000,1,-9,1,-9,0,0,75,0,1,5
1839,4,211,1,3,210,1,2416.00,171572,0,210,1,1,0,0,76,0,0,5
1839,12,211,1,3,212,1,4408.00,176493,0,210,1,1,0,0,77,0,0,5
1840,1,200,0,2,920,0,268676.00,31907,1,-9,1,-9,0,0,78,0,0,5
1840,.,235,0,2,540,0,140000.00,.,0,-9,1,-9,0,0,79,0,0,5
1841,3,220,0,2,581,0,373.00,6888,0,-9,1,-9,0,0,81,0,0,5
1842,8,2,1,3,20,1,18130.00,.,0,200,0,0,0,0,82,0,0,5
1842,8,200,0,3,2,0,12950.00,.,0,2,1,1,0,0,83,0,0,5
1842,8,200,0,3,720,0,75.00,33143,0,710,1,1,0,0,84,0,1,5
1842,5,220,0,2,960,0,1321.00,20200,0,-9,1,-9,0,0,85,0,0,5
1843,2,200,0,2,7693,0,126340.00,1730323,1,7693,1,-9,0,0,87,0,0,5
1843,5,200,0,1,562,0,46620.00,121068,1,562,1,-9,0,0,88,0,1,5
1843,.,210,0,3,850,0,4748.00,.,0,-9,1,-9,0,0,89,0,0,5
1843,6,220,0,3,437,0,6370.00,.,0,-9,1,-9,0,0,90,0,0,5
1843,.,230,0,3,413,0,2034.00,18000,1,200,0,0,0,0,91,0,0,5
1844,.,220,0,1,960,0,1595.00,9000,1,-9,1,-9,0,0,93,0,1,5
1845,3,2,1,2,7,1,1010472.00,35162,1,7,1,-9,0,0,94,0,0,5
1845,.,220,0,3,481,0,66914.00,.,0,-9,1,-9,0,0,95,0,0,5
1846,6,2,1,3,20,1,739652.00,13323,0,200,0,0,0,0,96,0,0,5
1846,6,200,0,3,2,0,429536.00,89000,0,2,1,1,0,0,97,0,0,5
1846,11,300,1,2,2292,1,1158.00,141202,1,2292,1,-9,0,0,98,0,0,5
1847,1,200,0,3,8231,0,91.00,1385,1,835,1,1,0,0,99,0,0,5
1847,.,200,0,1,560,0,1.00,.,0,-9,1,-9,0,0,100,0,1,5
1847,12,220,0,1,615,0,200000.00,.,0,-9,1,-9,0,0,101,0,1,5
1847,10,337,1,2,336,1,1127.00,168198,1,336,1,-9,0,0,102,0,0,5
1848,2,2,1,3,70,1,1370153.00,295574,0,70,1,1,0,0,103,0,1,5
1849,12,200,0,1,.,0,151536.00,9153209,1,-9,1,-9,0,0,105,0,1,5
1849,12,200,0,3,7507,0,259000.00,3000000,1,7507,1,-9,0,0,106,0,0,5
1849,4,220,0,2,438,0,19500.00,.,0,-9,1,-9,0,0,107,0,0,5
1849,12,255,1,5,250,0,1173.00,65574,1,250,1,-9,0,0,108,0,0,5
1850,8,200,0,3,452,0,40.00,40000,0,390,0,0,0,0,109,0,0,5
1851,.,140,1,3,165,1,104000.00,.,0,165,1,1,0,0,110,0,0,5
1851,.,200,0,2,681,0,8.00,.,0,681,1,1,0,0,111,0,0,5
1851,.,210,0,3,850,0,1.00,.,0,235,0,0,0,0,112,0,0,5
1852,12,200,0,1,775,0,83657.00,870180,0,775,1,1,0,0,114,0,1,5
1852,1,563,1,-9,563,-9,286065.00,300000,1,200,0,0,-9,0,115,1,0,5
1853,12,2,1,3,70,1,76768.00,96000,0,70,1,1,0,0,116,0,0,5
1853,12,220,0,1,930,0,16112.00,60000,1,-9,1,-9,0,0,117,0,1,5
1853,.,365,1,2,365,1,66120.00,.,0,-9,1,-9,0,0,118,0,0,5
1854,.,200,0,3,698,0,73.00,350000,1,698,1,1,0,0,120,0,0,5
1854,.,365,1,1,365,1,1820000.00,.,0,-9,1,-9,0,0,121,0,1,5
1854,4,564,1,-9,564,-9,129153.00,245000,1,200,0,0,-9,0,122,1,0,5
1855,.,651,1,4,651,-9,1021081.00,600000,1,640,0,1,-9,0,124,1,0,5
1856,3,640,1,3,365,1,12264.00,.,0,365,1,1,0,0,125,0,1,5
1856,3,640,1,3,365,1,18557.00,.,0,365,1,1,0,0,126,0,1,5
1857,.,200,0,2,9002,0,13.00,400,1,-9,1,-9,0,0,127,0,0,5
1858,.,2,0,2,9750,0,1.00,0,1,-9,1,-9,0,0,128,0,0,5
1858,.,220,0,2,960,0,5.00,0,0,-9,1,-9,0,0,129,0,0,5
1858,.,365,1,1,365,1,520.00,.,0,-9,1,-9,0,0,130,0,1,5
1858,6,365,1,3,710,1,282473.00,40000,0,710,1,1,0,0,131,0,0,5
1859,11,91,1,3,91,1,33701.00,.,0,200,0,0,0,0,133,0,0,5
1859,.,140,1,3,101,1,156000.00,.,0,101,1,1,0,0,134,0,0,5
1859,4,210,0,3,850,0,15850.00,1057800,0,235,0,0,0,0,135,0,0,5
1859,4,235,0,3,860,0,18989.00,850300,1,210,0,0,0,0,136,0,0,5
1859,11,325,1,3,300,1,21595.00,3009505,0,300,1,1,0,0,137,0,1,5
1859,11,365,1,1,365,1,12480.00,.,0,-9,1,-9,0,0,138,0,1,5
1860,1,93,1,3,93,1,21367.00,.,0,200,0,0,0,0,139,0,0,5
1860,10,200,0,3,720,0,6.00,.,0,710,1,1,0,0,140,0,1,5
1860,.,220,0,1,430,0,39000.00,.,0,-9,1,-9,0,0,141,0,1,5
1860,3,220,1,3,325,1,14778.00,.,0,325,1,1,0,0,142,0,0,5
1860,9,230,0,2,605,0,1505.00,.,1,600,1,1,0,0,143,0,0,5
1860,3,325,1,5,332,1,6031.00,598996,1,332,1,-9,0,1,144,0,0,5
1860,3,325,1,5,335,1,6221.00,495840,1,335,1,-9,0,1,145,0,0,5
1860,3,325,1,5,337,1,22163.00,1783279,1,337,1,-9,0,1,146,0,0,5
1860,12,325,1,5,329,1,11950.00,8703130,1,329,1,-9,0,1,147,0,0,5
1860,12,325,1,5,327,1,41445.00,3124668,0,327,1,1,0,1,148,0,0,5
1860,11,365,1,3,710,1,234000.00,.,0,710,1,1,0,0,149,0,0,5
1861,8,200,0,3,4781,0,12950.00,115000,0,-9,1,-9,0,0,152,0,0,5
1861,.,200,0,2,541,0,1.00,.,0,-9,1,-9,0,0,153,0,0,5
1861,.,220,1,2,221,1,2.00,.,0,221,1,1,0,0,154,0,0,5
1861,12,230,0,2,42,0,48734.00,200000,1,42,1,-9,0,0,155,0,0,5
1862,.,200,0,2,692,0,598.00,.,1,692,1,-9,0,0,156,0,0,5
1862,3,220,0,3,522,0,6000.00,22730,0,-9,1,-9,0,0,157,0,0,5
1862,6,220,0,3,8151,0,22380.00,502116,0,815,1,1,0,0,158,0,1,5
1863,.,2,0,2,91,0,5.00,.,0,91,1,1,0,0,159,0,0,5
1863,2,220,0,3,434,0,520.00,20000,0,-9,1,-9,0,0,160,0,0,5
1863,12,220,0,2,811,0,83861.00,1000000,1,811,1,-9,0,0,161,0,0,5
1864,.,220,0,2,930,0,1958.00,15000,0,-9,1,1,0,0,162,0,0,5
1864,10,255,1,3,390,0,1046.00,50147,0,390,1,1,0,0,163,0,1,5
1864,6,255,1,3,390,1,9194.00,409907,0,390,1,1,0,0,164,0,1,5
1864,6,300,1,3,390,0,8534.00,544419,0,390,1,0,0,0,165,0,1,5
1864,6,350,1,3,349,1,2608.00,234123,1,200,0,0,0,0,166,0,0,5
1864,6,365,1,1,365,1,36400.00,.,0,-9,1,-9,0,0,167,0,1,5
1865,12,42,1,-9,42,-9,48734.00,200000,1,230,0,0,1,0,168,1,0,5
1865,11,200,0,2,760,0,8889.00,.,0,760,1,1,0,0,169,0,0,5
1866,12,155,1,3,145,1,42896.00,.,0,145,1,1,0,0,170,0,0,5
1866,8,255,1,1,300,1,8537.00,544419,0,300,1,0,0,0,171,0,1,5
1866,8,255,1,2,254,1,4709.00,457571,1,254,1,-9,0,0,172,0,0,5
1866,8,255,1,2,247,1,101.00,87518,1,247,1,-9,0,0,173,0,0,5
1866,7,255,1,1,240,1,38474.00,1923492,1,240,1,-9,0,0,174,0,0,5
1866,7,255,1,2,273,1,9586.00,745063,1,273,1,-9,0,1,175,0,0,5
1866,7,325,1,3,300,1,25145.00,2458989,0,300,1,1,0,0,176,0,1,5
1867,8,2,0,2,9730,0,5.00,0,1,-9,1,-9,0,0,177,0,0,5
1867,10,2,0,3,3,0,1518775.00,54000,1,365,1,1,0,0,178,0,0,5
1867,.,140,1,3,145,1,162500.00,.,0,145,1,1,0,0,179,0,0,5
1867,12,212,1,4,212,-9,2567.00,203851,1,210,0,0,1,0,180,1,0,5
1867,.,220,0,1,8151,0,33864.00,477000,0,815,1,1,0,0,181,0,1,5
1867,7,255,1,5,257,1,6291.00,295242,1,257,1,-9,0,0,182,0,0,5
1867,7,255,1,5,246,1,192.00,98575,1,246,1,-9,0,0,183,0,0,5
1867,7,255,1,5,270,1,329.00,49482,1,270,1,-9,0,0,184,0,0,5
1867,7,255,1,5,253,1,2725.00,99060,1,253,1,-9,0,0,185,0,0,5
1867,7,255,1,5,248,1,352.00,229941,1,248,1,-9,0,0,186,0,0,5
1867,7,255,1,5,252,1,1577.00,139287,1,252,1,-9,0,0,187,0,0,5
1867,7,255,1,5,268,1,1121.00,58604,1,268,1,-9,0,0,188,0,0,5
1867,7,255,1,5,241,1,2383.00,181824,1,241,1,-9,0,0,189,0,0,5
1867,7,255,1,5,261,1,9407.00,742907,1,261,1,-9,0,0,190,0,0,5
1867,7,255,1,5,244,1,3691.00,282400,1,244,1,-9,0,0,191,0,0,5
1867,7,255,1,5,269,1,14939.00,2337192,1,269,1,-9,0,1,192,0,0,5
1867,7,255,1,5,275,1,8386.00,853315,1,275,1,-9,0,1,193,0,0,5
1867,7,255,1,5,280,1,13442.00,552612,1,280,1,-9,0,1,194,0,0,5
1867,.,800,1,3,811,1,35641.00,.,0,220,0,0,0,0,195,0,0,5
1868,12,200,0,2,570,0,21885.00,127700,1,570,1,-9,0,0,196,0,0,5
1868,6,365,1,1,702,1,156000.00,2000000,1,702,1,-9,0,0,197,0,1,5
1869,.,200,0,2,750,0,1645.00,.,0,-9,1,-9,0,0,198,0,0,5
1869,.,325,0,3,531,0,629.00,1193,0,-9,1,-9,0,0,199,0,0,5
1870,6,140,1,3,150,1,65000.00,.,0,150,1,1,0,0,200,0,1,5
1874,6,160,1,3,150,1,117000.00,.,0,150,1,1,0,0,201,0,1,5
1870,.,220,0,1,615,0,400000.00,.,0,-9,1,-9,0,0,202,0,1,5
1870,10,325,1,5,327,1,11790.00,723161,1,327,1,-9,0,0,203,0,0,5
1871,2,200,0,3,452,0,27534.00,120000,0,210,0,0,0,0,204,0,0,5
1871,10,200,0,2,560,0,46102.00,25477,0,-9,1,-9,0,0,205,0,0,5
1871,12,255,1,3,220,1,14452.00,1549459,0,220,1,1,0,0,206,0,1,5
1871,1,255,1,5,267,1,15311.00,1434970,1,267,1,-9,0,1,207,0,0,5
1871,1,255,1,5,271,1,50526.00,1778479,1,271,1,-9,0,1,208,0,0,5
1871,1,255,1,5,245,1,76073.00,4824421,1,245,1,-9,0,0,209,0,0,5
1871,.,365,1,2,710,1,42900.00,.,0,710,1,1,0,0,210,0,0,5
1871,.,640,1,1,672,1,104338.00,.,1,672,1,-9,0,0,211,0,1,5
1872,10,2,1,3,20,1,.,.,0,200,0,0,0,0,212,0,0,5
1872,.,640,1,2,694,0,11000.00,22500,1,694,1,-9,0,0,213,0,0,5
1872,.,640,1,1,678,1,195000.00,2000000,1,678,1,-9,0,0,214,0,1,5
1873,.,365,1,1,365,1,228800.00,.,0,-9,1,-9,0,0,215,0,1,5
1873,.,365,1,1,703,1,92463.00,110000,1,703,1,-9,0,0,216,0,1,5
1873,.,740,0,2,740,0,104.00,.,0,-9,1,-9,0,0,217,0,0,5
1874,12,200,0,2,950,0,18272.00,148040,1,950,1,-9,0,0,218,0,0,5
1874,1,200,0,2,821,0,29068.00,.,0,-9,1,-9,0,0,219,0,0,5
1874,3,220,0,1,8151,0,33864.00,477000,0,815,1,1,0,0,220,0,1,5
1874,.,651,1,1,625,1,2658063.00,11000000,1,-9,1,-9,0,0,221,0,1,5
1875,7,235,0,3,541,0,650.00,.,0,200,0,0,0,0,223,0,0,5
1875,12,365,1,3,740,1,32348.00,2358,0,740,1,1,0,0,224,0,0,5
1875,.,640,1,1,673,1,107120.00,.,1,673,1,-9,0,0,225,0,1,5
1875,12,740,1,3,365,1,4973.00,72,0,365,1,1,0,0,226,0,0,5
1876,.,200,0,2,700,0,.,27270,0,700,1,1,0,0,227,0,0,5
1876,1,365,1,1,701,1,728000.00,.,1,701,1,-9,0,0,228,0,1,5
1877,3,200,0,2,565,0,969.00,800,0,-9,1,-9,0,0,229,0,0,5
1877,4,200,0,2,563,0,285363.00,815000,1,563,1,-9,0,0,230,0,0,5
1877,.,200,0,3,9201,0,6.00,.,1,-9,1,-9,0,0,231,0,0,5
1878,.,150,1,3,160,1,1.00,10,0,160,1,1,0,0,232,0,0,5
1878,12,200,0,3,352,0,9251.00,186084,1,640,1,1,0,0,233,0,0,5
1878,.,200,0,1,560,0,1.00,.,0,-9,1,-9,0,0,234,0,1,5
1878,7,300,1,6,346,1,42520.00,862202,1,640,1,1,0,0,235,0,0,5
1878,7,300,1,6,3462,1,20280.00,349970,1,640,1,1,0,0,236,0,0,5
1878,7,300,1,3,339,1,35.00,2000,0,640,1,1,0,0,237,0,1,5
1878,7,345,1,4,345,-9,42994.00,1352522,1,640,0,1,1,0,238,1,1,5
1878,7,345,1,3,640,1,11097.00,222732,0,640,1,1,0,0,239,0,1,5
1878,7,341,1,4,341,-9,4584.00,195585,1,640,0,1,-9,0,240,1,1,5
1878,7,341,1,3,640,1,4610.00,100000,0,640,1,1,0,0,241,0,1,5
1878,7,360,1,4,360,-9,118213.00,5073000,1,640,0,1,1,0,242,1,1,5
1878,7,360,1,3,640,1,15372.00,357000,0,640,1,1,0,0,243,0,1,5
1878,7,365,1,3,360,1,9274.00,127000,0,360,1,1,0,0,245,0,0,5
1878,3,365,1,3,640,1,25769.00,236600,0,640,1,1,0,0,246,0,1,5
1879,.,160,1,1,160,1,669972.00,24000,0,-9,1,-9,0,0,247,0,1,5
1879,12,651,1,1,530,1,468000.00,325000,0,530,1,1,0,0,248,0,1,5
1880,6,220,0,2,960,0,209.00,793,0,-9,1,-9,0,0,249,0,0,5
1880,9,220,0,3,484,0,540000.00,5000000,1,-9,1,-9,0,0,250,0,0,5
1880,11,341,1,3,640,1,520.00,.,0,640,1,1,0,0,251,0,0,5
1880,4,563,1,-9,563,-9,285363.00,815000,1,200,0,0,-9,0,252,1,1,5
1880,11,640,1,3,341,1,1.00,200,0,341,1,1,0,0,253,0,0,5
1881,.,155,1,3,160,1,1.00,.,0,160,1,1,0,0,254,0,0,5
1881,.,160,1,3,155,1,1.00,10,0,155,1,1,0,0,255,0,0,5
1881,.,220,0,2,960,0,1000.00,5469,0,-9,1,-9,0,0,256,0,0,5
1881,5,220,0,1,616,0,116348.00,2100000,1,616,1,-9,0,0,257,0,0,5
1881,7,350,1,3,640,1,13364.00,293000,0,640,1,1,0,0,258,0,0,5
1881,.,365,1,2,365,1,4680.00,.,0,-9,1,-9,0,0,259,0,0,5
1881,2,710,1,3,365,1,42900.00,.,0,365,1,1,0,0,260,0,0,5
1882,9,200,0,1,651,0,1021081.00,6806381,1,651,1,-9,0,0,261,0,0,5
1883,10,155,1,1,135,0,51480.00,20000,0,135,1,1,0,0,262,0,1,5
1883,.,220,0,2,434,0,500.00,.,0,-9,1,-9,0,0,263,0,0,5
1883,8,220,0,2,815,0,90000.00,9000000,1,815,1,-9,0,0,264,0,1,5
1884,4,155,1,1,145,1,50215.00,14000,0,145,1,1,0,0,265,0,1,5
1884,2,200,0,3,563,0,19500.00,.,0,563,1,1,0,0,266,0,0,5
1884,12,200,0,2,562,0,3250.00,.,0,-9,1,-9,0,0,267,0,0,5
1884,11,200,0,1,911,0,234654.00,137500,1,-9,1,-9,0,0,268,0,1,5
1884,12,200,0,1,521,0,192000.00,153800,1,-9,1,-9,0,0,269,0,1,5
1884,12,220,0,1,522,0,16000.00,180000,0,-9,1,-9,0,0,270,0,1,5
1884,4,255,0,1,565,0,822907.00,250000,1,-9,1,-9,0,0,271,0,1,5
1884,7,255,0,1,460,0,41440.00,500000,1,-9,1,-9,0,0,272,0,1,5
1884,11,255,0,1,912,0,240870.00,297000,1,-9,1,-9,0,0,273,0,1,5
1884,7,255,0,1,470,0,336700.00,2600000,1,-9,1,-9,0,0,274,0,1,5
1884,.,530,1,3,530,1,468000.00,.,0,651,0,0,0,0,275,0,0,5
1884,1,625,1,-9,625,-9,2658063.00,11000000,1,200,0,0,-9,0,276,1,0,5
1885,9,200,0,2,571,0,440300.00,44135,1,-9,1,-9,0,0,277,0,0,5
1885,6,200,0,1,4781,0,898000.00,24000000,0,-9,1,-9,0,0,278,0,1,5
1885,9,200,0,2,560,0,133722.00,44135,0,-9,1,-9,0,0,279,0,0,5
1885,12,220,0,3,580,0,250.00,12237,0,580,1,1,0,0,280,0,1,5
1885,.,220,0,3,481,0,200742.00,.,0,-9,1,-9,0,0,281,0,0,5
1885,1,230,0,1,412,0,26017.00,139000,1,-9,1,-9,0,0,282,0,1,5
1885,1,230,0,1,609,0,266000.00,100000,1,-9,1,-9,0,0,283,0,1,5
1885,2,235,0,3,490,0,7298.00,.,0,211,0,0,0,0,284,0,0,5
1885,.,255,0,2,515,0,54222.00,.,1,-9,1,0,0,0,285,0,0,5
1885,.,255,0,2,980,0,388.00,10000,0,-9,1,-9,0,0,286,0,0,5
1885,12,255,0,2,940,0,22000.00,80000,0,-9,1,-9,0,0,287,0,0,5
1885,5,255,0,2,501,0,3120.00,.,0,-9,1,-9,0,0,288,0,0,5
1885,.,325,0,1,531,0,100.00,16000,0,-9,1,-9,0,0,289,0,1,5
1885,.,365,1,2,365,1,175000.00,.,0,-9,1,-9,0,0,290,0,0,5
1886,1,200,0,1,775,0,492000.00,4000000,1,775,1,-9,0,0,291,0,1,5
1886,.,200,0,3,681,0,160000.00,.,1,-9,1,-9,0,0,292,0,0,5
1886,.,220,0,2,581,0,1782.00,47000,0,-9,1,-9,0,0,293,0,0,5
1886,.,235,0,3,541,0,6000.00,.,0,511,1,0,0,0,294,0,0,5
1887,6,200,0,2,560,0,23051.00,160000,0,-9,1,-9,0,0,295,0,0,5
1887,11,200,0,2,935,0,14763.00,.,1,-9,1,-9,0,0,296,0,0,5
1887,.,200,0,2,920,0,52.00,.,0,-9,1,-9,0,0,297,0,0,5
1887,.,200,0,2,781,0,298.00,30000,1,781,1,-9,0,0,298,0,0,5
1887,5,200,0,3,501,0,7020.00,.,0,511,1,1,0,0,299,0,0,5
1887,11,220,0,2,935,0,14763.00,.,1,-9,1,-9,0,0,300,0,0,5
1887,4,220,0,3,9321,0,161.00,.,0,-9,1,-9,0,0,301,0,0,5
1888,9,155,0,2,1151,0,119.00,175,1,-9,1,-9,0,0,303,0,0,5
1888,5,200,0,2,823,0,76024.00,175000,1,-9,1,-9,0,0,304,0,0,5
1888,.,200,0,2,9452,0,155.00,.,1,-9,1,-9,0,0,305,0,0,5
1888,.,200,0,2,835,0,5765.00,45000,1,835,1,-9,0,0,306,0,0,5
1888,12,200,0,1,925,0,241.00,8400,1,-9,1,-9,0,0,307,0,1,5
1888,5,200,0,1,824,0,48250.00,320000,1,-9,1,-9,0,0,308,0,1,5
1888,.,200,0,2,821,0,36192.00,.,0,-9,1,-9,0,0,309,0,0,5
1888,.,220,0,1,430,0,635821.00,.,0,-9,1,-9,0,0,310,0,1,5
1888,2,220,0,3,9321,0,114.00,.,0,-9,1,-9,0,0,311,0,0,5
1888,4,255,0,3,510,0,52000.00,.,0,511,1,1,0,0,312,0,0,5
1888,.,255,0,2,970,0,21.00,.,1,-9,1,-9,0,0,313,0,0,5
1889,9,200,0,2,553,0,119311.00,845547,1,-9,1,-9,0,0,315,0,0,5
1889,.,200,0,2,821,0,7334.00,.,0,821,1,1,0,0,316,0,0,5
1889,.,200,0,3,520,0,10000.00,.,0,511,1,0,0,0,317,0,0,5
1889,.,200,0,3,420,0,11000.00,.,0,-9,1,-9,0,0,318,0,0,5
1889,1,220,0,2,437,0,322463.00,2250000,0,-9,1,-9,0,0,320,0,0,5
1889,3,325,0,1,531,0,247300.00,194579,0,-9,1,-9,0,0,321,0,1,5
1889,8,325,0,1,520,0,259000.00,400000,0,511,1,0,0,0,322,0,1,5
1890,11,200,0,2,501,0,48000.00,.,0,-9,1,-9,0,0,323,0,0,5
1890,6,200,0,2,511,0,2642.00,150000,1,511,1,-9,0,0,324,0,0,5
1890,7,200,0,3,501,0,3120.00,.,0,255,0,0,0,0,325,0,0,5
1890,.,200,0,2,572,0,17363.00,55000,1,572,1,-9,0,0,326,0,0,5
1890,.,200,1,3,761,0,7298.00,30458,1,761,0,-9,0,0,327,0,0,5
1890,.,235,0,2,540,0,468000.00,.,0,-9,1,-9,0,0,328,0,0,5
1890,7,255,1,3,2249,1,2.00,2001,1,200,0,0,0,0,329,0,0,5
1890,.,255,0,3,565,0,18200.00,.,0,200,0,0,0,0,330,0,0,5
1890,.,255,0,2,510,0,130000.00,.,0,-9,1,-9,0,0,331,0,0,5
1891,.,200,0,2,551,0,624107.00,650000,1,-9,1,-9,0,0,332,0,0,5
1891,5,211,0,3,540,0,1.00,.,0,235,0,0,0,0,333,0,0,5
1891,5,235,0,3,490,0,1.00,.,0,211,0,0,0,0,334,0,0,5
1892,.,200,0,2,945,0,956.00,37400,1,-9,1,-9,0,0,335,0,0,5
1892,3,200,0,3,696,0,92100.00,.,1,696,1,-9,0,0,336,0,0,5
1892,.,325,0,3,520,0,10000.00,.,0,200,0,0,0,0,337,0,0,5
1893,11,200,0,3,700,0,104980.00,.,0,700,1,1,0,0,338,0,0,5
1893,.,200,0,2,940,0,21645.00,.,0,-9,1,-9,0,0,339,0,0,5
1893,7,200,0,1,552,0,389362.00,609157,1,-9,1,-9,0,0,340,0,1,5
1893,.,220,0,1,430,0,842400.00,.,0,-9,1,-9,0,0,341,0,1,5
1893,12,220,0,1,812,0,255000.00,600000,1,812,1,-9,0,0,342,0,1,5
1893,1,220,0,2,9970,0,6931.00,0,0,-9,1,-9,0,0,343,0,0,5
1893,11,563,1,3,572,1,17363.00,55000,1,200,0,0,0,0,344,0,0,5
1894,6,200,0,2,500,0,64999.00,.,0,-9,1,-9,0,0,345,0,0,5
1894,9,200,0,2,560,0,10464.00,166080,0,-9,1,-9,0,0,346,0,0,5
1894,8,220,0,3,490,0,1.00,.,0,211,0,0,0,0,347,0,0,5
1894,12,220,0,1,434,0,115760.00,600000,0,-9,1,-9,0,0,348,0,1,5
1894,.,220,0,3,482,0,622984.00,.,1,-9,1,-9,0,0,349,0,0,5
1894,7,325,0,1,625,0,1.00,.,0,-9,1,-9,0,0,350,0,1,5
1895,.,140,1,3,150,1,13000.00,.,0,150,1,1,0,0,351,0,0,5
1895,6,200,0,2,560,0,1560.00,.,0,-9,1,-9,0,0,352,0,0,5
1895,3,365,1,3,711,1,26000.00,.,0,700,1,1,0,0,353,0,0,5
1895,4,740,1,1,713,1,35763.00,2781272,1,710,1,1,0,0,354,0,0,5
1896,8,200,0,1,452,0,100000.00,317964,0,-9,1,-9,0,0,355,0,1,5
1896,6,200,0,2,500,0,19685.00,.,0,-9,1,-9,0,0,356,0,0,5
1896,8,200,0,1,452,0,24484.00,.,0,-9,1,-9,0,0,357,0,1,5
1896,8,200,0,2,451,0,71939.00,1000000,0,-9,1,-9,0,0,358,0,0,5
1896,12,220,0,1,580,0,590000.00,3500000,1,580,1,-9,0,0,359,0,1,5
1897,.,70,1,1,960,0,5.00,0,0,220,0,0,0,0,360,0,0,5
1897,12,200,0,3,625,0,1.00,.,0,325,0,0,0,0,361,0,0,5
1897,.,200,0,3,530,0,20720.00,.,0,530,1,1,0,0,362,0,0,5
1897,.,200,0,2,452,0,98080.00,.,0,-9,1,-9,0,0,363,0,0,5
1897,5,640,1,3,350,1,1.00,200,0,350,1,1,0,0,364,0,1,5
1898,7,2,0,2,9720,0,8.00,.,1,-9,1,-9,0,0,365,0,0,5
1898,8,2,0,2,4,0,16638.00,109020,1,4,1,-9,0,0,366,0,0,5
1898,12,2,0,3,985,0,541.00,9000,1,230,0,0,0,0,367,0,1,5
1898,12,2,0,3,840,0,299404.00,7000000,1,230,0,0,0,0,368,0,1,5
1898,12,2,0,3,6,0,8860.00,953243,1,230,0,0,0,0,369,0,1,5
1898,12,2,0,3,40,1,114525.00,1572797,1,230,0,0,0,0,370,0,1,5
1898,3,200,0,3,710,0,738.00,150000,0,710,1,1,0,0,371,0,0,5
1898,6,200,0,3,475,0,71500.00,.,0,220,0,0,0,0,372,0,0,5
1898,6,200,0,3,720,0,953.00,100000,0,710,1,1,0,0,373,0,0,5
1898,.,200,0,2,940,0,71728.00,.,0,-9,1,-9,0,0,374,0,0,5
1898,6,220,0,3,430,0,13000.00,.,0,200,0,0,0,0,375,0,0,5
1898,3,365,1,3,710,0,3170.00,250000,0,710,1,1,0,0,376,0,0,5
1898,11,200,0,1,351,0,8614.00,294190,1,640,1,0,0,0,377,0,1,5
1899,12,2,0,3,991,0,195.00,4000,0,990,1,1,0,0,378,0,0,5
1899,10,101,1,3,110,1,1.00,.,0,200,0,0,0,0,380,0,0,5
1899,11,200,0,3,460,0,1.00,.,0,255,0,0,0,0,381,0,0,5
1899,11,200,0,3,940,0,23310.00,89000,0,255,0,0,0,0,382,0,0,5
1899,10,200,0,3,101,0,155400.00,.,0,101,1,1,0,0,383,0,0,5
1899,1,200,0,2,690,0,15540.00,50000,1,690,1,-9,0,0,384,0,0,5
1899,12,200,0,1,625,0,2505823.00,2000000,1,625,1,-9,0,0,385,0,1,5
1899,12,220,0,1,430,0,2394466.00,.,0,-9,1,-9,0,0,386,0,1,5
1899,11,255,0,3,452,0,1.00,.,0,200,0,0,0,0,387,0,0,5
1899,12,255,0,3,980,0,405.00,15069,0,230,0,0,0,0,388,0,0,5
1899,12,255,0,3,990,0,2823.00,33000,0,990,1,1,0,0,389,0,0,5
1900,12,200,0,2,955,0,700.00,26000,1,955,1,-9,0,0,391,0,0,5
1900,8,365,1,1,711,1,939280.00,5530000,1,710,1,1,0,0,392,0,0,5
1902,5,40,1,-9,40,-9,114525.00,1572797,1,2,0,1,1,0,393,1,0,5
1902,.,155,1,3,160,1,27708.00,.,0,160,1,1,0,0,394,0,0,5
1902,.,160,1,3,155,1,20470.00,.,0,155,1,1,0,0,395,0,0,5
1902,5,200,0,3,530,0,292500.00,.,0,530,1,1,0,0,396,0,0,5
1902,5,200,0,1,563,0,286065.00,1000000,1,563,1,-9,0,0,397,0,1,5
1902,5,200,0,1,564,0,129153.00,200000,1,564,1,-9,0,0,398,0,1,5
1903,10,2,1,3,20,1,1.00,.,0,200,0,0,0,0,399,0,0,5
1903,11,2,0,3,96,0,1678.00,21650,1,95,1,1,0,0,400,0,0,5
1903,11,95,1,4,95,-9,75690.00,400000,1,100,0,1,1,0,401,1,1,5
1903,11,140,1,3,145,1,191000.00,70000,0,145,1,1,0,0,402,0,0,5
1903,.,145,1,3,140,1,3108.00,.,0,140,1,1,0,0,403,0,0,5
1903,3,200,0,1,4784,0,668220.00,10000000,1,-9,1,-9,0,0,404,0,1,5
1903,.,220,0,1,600,0,499870.00,62000,0,600,1,1,0,0,405,0,1,5
1904,5,140,1,3,130,1,67600.00,.,0,130,1,1,0,0,406,0,0,5
1904,4,220,0,3,433,0,1.00,.,0,200,0,0,0,0,407,0,0,5
1904,4,220,0,3,430,0,1.00,.,0,200,0,0,0,0,408,0,0,5
1904,2,220,0,3,800,0,20720.00,.,0,800,1,1,0,0,409,0,0,5
1904,.,220,0,3,438,0,16.00,.,0,200,0,0,0,0,410,0,0,5
1904,2,800,1,3,810,1,6076.00,.,0,220,0,0,0,0,411,0,0,5
1905,10,385,1,4,385,-9,323917.00,2240032,1,380,0,1,1,0,412,1,0,5
1905,8,710,1,3,711,1,939280.00,5530000,1,365,1,1,0,0,413,0,1,5
1905,9,740,0,3,710,0,3253.00,405680,0,365,0,1,0,0,414,0,0,5
1905,9,740,1,3,7351,1,32348.00,9824,0,365,1,1,0,0,415,0,1,5
1905,8,740,0,1,730,1,220891.00,5713244,1,730,1,-9,0,1,416,0,0,5
1906,5,200,0,3,666,0,1.00,.,0,640,1,1,0,0,417,0,0,5
1906,5,211,0,3,625,0,38850.00,250000,0,200,0,0,0,0,418,0,0,5
1907,4,140,1,3,100,1,162500.00,.,0,100,1,1,0,0,419,0,0,5
1907,.,140,1,3,145,1,65000.00,.,0,145,1,1,0,0,420,0,0,5
1907,12,210,0,1,850,0,53020.00,582175,0,-9,1,-9,0,0,421,0,1,5
1907,8,220,0,1,600,0,100.00,.,0,600,1,1,0,0,422,0,0,5
1907,3,220,0,3,800,0,18130.00,.,0,800,1,1,0,0,423,0,0,5
1907,3,800,1,3,810,1,35641.00,.,0,220,0,0,0,0,424,0,0,5
1908,2,355,1,4,355,-9,96345.00,4035575,1,640,0,1,1,0,425,1,0,5
1909,.,135,1,3,145,1,26000.00,.,0,145,1,1,0,0,426,0,0,5
1909,3,200,0,3,822,0,38195.00,450000,0,800,1,1,0,0,427,0,0,5
1909,1,220,0,1,435,0,893700.00,223000,0,-9,1,-9,0,0,428,0,1,5
1910,6,200,0,3,490,0,38850.00,250000,0,211,0,0,0,0,429,0,0,5
1910,1,200,0,3,760,0,46600.00,250000,1,760,1,-9,0,0,430,0,0,5
1910,5,211,0,3,500,0,1.00,.,0,200,0,0,0,0,431,0,0,5
1910,3,600,1,3,600,1,100.00,.,0,220,0,0,0,0,432,0,0,5
1911,.,200,0,3,450,0,800.00,.,0,450,1,1,0,0,433,0,0,5
1911,.,220,0,1,483,0,76534.00,.,0,-9,1,-9,0,0,434,0,1,5
1911,11,255,0,3,470,0,259000.00,1000000,0,220,0,0,0,0,435,0,0,5
1911,.,450,1,3,451,1,800.00,.,0,200,0,0,0,0,436,0,0,5
1912,3,220,0,2,600,0,398523.00,5400000,0,600,1,-9,0,0,437,0,0,5
1912,11,230,0,2,602,1,26000.00,600000,1,600,1,1,0,0,438,0,0,5
1912,5,325,0,1,3353,0,2681.00,100198,0,640,1,0,0,0,439,0,1,5
1912,3,325,0,1,620,0,1051539.00,523176,1,640,1,0,0,0,440,0,1,5
1912,11,339,1,4,339,-9,28748.00,825000,1,640,0,1,1,0,441,1,0,5
1913,8,345,1,3,355,1,27625.00,1000000,0,355,1,1,0,0,442,0,1,5
1913,5,345,1,3,640,1,7020.00,.,0,640,1,1,0,0,443,0,1,5
1913,5,341,1,3,640,1,5200.00,.,0,640,1,1,0,0,444,0,1,5
1913,8,350,1,3,355,1,19110.00,1703000,0,355,1,1,0,0,445,0,1,5
1913,12,350,1,3,640,1,3771.00,3000000,0,640,1,1,0,0,446,0,0,5
1913,12,350,1,2,351,1,8715.00,342151,1,200,0,-9,0,0,447,0,0,5
1913,5,350,1,3,640,1,24354.00,1500000,0,640,1,1,0,0,448,0,1,5
1913,5,355,1,3,640,1,68250.00,.,0,640,1,1,0,0,449,0,1,5
1913,5,360,1,3,355,1,6959.00,286000,0,355,1,1,0,0,450,0,1,5
1913,.,670,1,1,673,1,107120.00,.,1,640,1,1,0,0,451,0,0,5
1914,5,200,0,2,822,0,18985.00,180412,0,822,1,-9,0,0,452,0,0,5
1914,10,325,1,1,339,1,5.00,.,0,339,1,1,0,0,453,0,0,5
1914,4,339,1,3,350,1,1.00,.,0,350,1,1,0,0,454,0,0,5
1914,.,672,1,4,672,-9,104338.00,.,1,640,0,1,-9,0,455,1,1,5
1914,11,740,0,3,710,0,518.00,168900,0,255,0,0,0,0,456,0,1,5
1915,.,200,0,2,678,0,182.00,.,0,678,1,1,0,0,457,0,0,5
1915,.,694,1,4,694,-9,11000.00,.,1,640,0,0,-9,0,458,1,0,5
1916,6,2,0,3,93,0,10.00,.,0,93,1,1,0,0,459,0,0,5
1916,11,200,0,2,694,0,22014.00,25000,1,694,1,-9,0,0,460,0,0,5
1916,.,230,0,3,602,0,33020.00,9836,0,220,0,0,0,0,461,0,0,5
1917,12,2,0,3,5,0,342.00,26051,1,390,0,0,0,0,462,0,0,5
1917,12,375,1,4,375,-9,325534.00,3105000,1,365,0,1,1,0,463,1,0,5
1918,11,290,1,4,290,-9,263180.00,15400000,0,365,0,1,1,0,464,1,1,5
1918,10,315,1,3,315,-9,140968.00,13600000,1,305,0,1,1,0,465,1,1,5
1918,12,366,1,4,366,-9,59984.00,1107000,1,365,0,1,1,0,466,1,1,5
1918,1,367,1,4,367,-9,63300.00,1596000,1,365,0,1,1,0,467,1,1,5
1918,12,368,1,4,368,-9,154491.00,2029000,1,365,0,1,1,0,468,1,0,5
1918,1,369,1,4,369,-9,444595.00,.,1,365,0,1,-9,0,469,1,1,5
1918,4,371,1,4,371,-9,31057.00,1214391,1,365,0,0,-9,0,470,1,1,5
1918,4,372,1,4,372,-9,66976.00,2372403,1,365,0,1,-9,0,471,1,1,5
1918,4,373,1,4,373,-9,84984.00,2096973,1,365,0,1,-9,0,472,1,1,5
1918,10,678,1,4,678,-9,195000.00,1000000,1,640,0,0,1,0,473,1,0,5
1919,5,200,0,6,462,0,32634.00,188000,1,255,0,0,0,0,474,0,0,5
1919,5,200,0,6,472,0,80290.00,550000,1,255,0,0,0,0,475,0,0,5
1919,6,211,1,3,255,1,1000.00,61000,0,255,1,1,0,0,476,0,1,5
1919,6,212,1,3,255,1,3.00,.,0,255,1,1,0,0,477,0,0,5
1919,5,220,0,6,461,0,56600.00,500000,1,255,0,0,0,0,478,0,0,5
1919,5,220,0,6,471,0,432012.00,1500000,1,255,0,0,0,0,479,0,0,5
1919,6,220,0,3,480,0,259000.00,.,0,255,0,0,0,0,480,0,1,5
1919,6,220,0,3,256,1,1945.00,657870,1,255,1,1,0,0,481,0,1,5
1919,6,220,1,3,255,1,14514.00,1874014,0,255,1,1,0,0,482,0,1,5
1919,9,235,0,3,541,0,1040.00,.,0,255,0,0,0,0,483,0,1,5
1919,6,290,1,3,255,1,420000.00,2700000,0,255,1,1,0,0,484,0,1,5
1919,9,290,1,3,300,1,80080.00,8257505,0,305,1,1,0,0,485,0,1,5
1919,6,291,1,3,291,-9,2056.00,330252,1,255,0,1,-9,0,486,1,1,5
1919,9,310,1,3,310,-9,91075.00,7990000,1,305,0,1,1,0,487,1,1,5
1919,9,325,0,3,616,1,1.00,.,0,220,0,0,0,0,488,0,0,5
1919,9,325,1,3,326,1,96.00,229510,1,305,1,0,0,0,489,0,1,5
1919,9,325,1,3,305,1,18941.00,1178786,0,305,1,1,0,0,490,0,1,5
1919,11,345,1,3,355,1,2500.00,112500,0,355,1,1,0,0,491,0,1,5
1919,9,345,1,3,300,1,53636.00,1931802,0,305,1,1,0,0,492,0,1,5
1919,11,350,1,3,355,1,6400.00,320000,0,355,1,1,0,0,493,0,1,5
1919,5,560,0,6,565,1,822907.00,206000,1,255,0,0,0,0,494,0,0,5
1919,7,900,0,6,970,0,21.00,2120,1,255,0,0,0,0,495,0,0,5
1920,12,20,1,-9,20,-9,9571661.00,9235000,1,200,0,0,1,0,496,1,0,5
1920,12,21,1,-9,21,-9,421481.00,265000,1,200,0,0,-9,0,497,1,0,5
1920,3,200,0,6,666,0,23310.00,757182,1,640,1,0,0,0,498,0,0,5
1920,3,200,0,6,663,0,89484.00,200000,1,640,1,0,0,0,499,0,0,5
1920,4,200,0,6,645,0,280031.00,2849282,1,640,1,1,0,0,500,0,0,5
1920,1,200,0,6,510,0,939361.00,5000000,1,255,0,0,0,0,501,0,0,5
1920,4,220,0,6,652,0,184920.00,1969004,1,640,1,1,0,0,502,0,0,5
1920,7,290,1,3,315,1,1009.00,145241,0,315,1,1,0,0,503,0,0,5
1920,10,290,1,3,368,1,29818.00,2075700,0,368,1,1,0,0,504,0,1,5
1920,10,305,1,3,345,1,5055.00,392431,0,345,1,1,0,0,505,0,0,5
1920,7,315,1,3,290,1,528.00,113500,0,290,1,1,0,0,506,0,0,5
1920,6,315,1,3,310,1,53320.00,2940374,0,310,1,1,0,0,507,0,1,5
1920,11,325,1,3,326,1,5271.00,404309,0,345,1,1,0,0,508,0,0,5
1920,11,345,1,3,326,1,1.00,1000,0,325,1,1,0,0,509,0,0,5
1920,6,345,1,3,310,1,71540.00,4095258,0,310,1,1,0,0,510,0,1,5
1918,3,360,1,3,360,1,45632.00,2686600,0,365,1,1,0,0,511,0,1,5
1920,6,360,1,3,310,1,108289.00,5200000,0,310,1,1,0,0,512,0,1,5
1920,11,365,1,1,371,0,31057.00,1214391,1,371,1,-9,0,0,513,0,1,5
1920,4,365,1,1,373,1,84984.00,2096973,1,373,1,-9,0,0,514,0,1,5
1920,2,365,1,1,372,1,66976.00,2372403,1,372,1,-9,0,0,515,0,1,5
1920,12,365,1,1,369,1,444595.00,.,1,369,1,-9,0,0,516,0,1,5
1920,2,390,1,3,255,1,3800.00,160000,0,255,1,1,0,0,517,0,0,5
1920,12,560,1,-9,560,-9,1223409.00,6930727,1,200,0,0,1,0,519,1,0,5
1920,8,671,1,4,671,-9,259000.00,750000,1,640,0,0,-9,0,520,1,1,5
1920,12,740,0,6,980,0,2476.00,70500,1,255,0,0,0,0,522,0,0,5
1920,12,900,0,6,912,0,240870.00,400000,1,255,0,0,0,0,524,0,0,5
1920,12,900,1,-9,900,-9,7695094.00,5426008,1,200,0,0,1,0,525,1,0,5
1920,12,920,0,6,990,0,2823.00,41828,1,255,0,0,0,0,526,0,0,5
1920,12,920,1,-9,920,-9,268676.00,1268046,1,200,0,0,1,0,527,1,0,5
1921,8,94,1,2,95,1,1.00,100,0,95,1,1,0,0,528,0,0,5
1921,3,290,1,3,365,1,113722.00,3683568,0,365,1,1,0,0,530,0,1,5
1921,12,310,1,3,305,1,225.00,39525,0,305,1,1,0,0,531,0,0,5
1921,3,365,1,3,640,1,6975.00,186000,0,640,1,1,0,0,532,0,0,5
1921,6,375,1,3,380,1,1422.00,27123,0,380,1,1,0,0,533,0,0,5
1921,7,712,1,4,712,-9,1531000.00,2400000,1,710,0,1,1,0,534,1,1,5
1922,5,2,0,2,9760,0,0.00,0,1,-9,1,-9,0,0,535,0,0,5
1922,3,100,1,3,101,1,1.00,100,0,101,1,1,0,0,536,0,0,5
1922,12,205,1,-9,205,-9,68891.00,3165000,1,200,0,1,1,0,537,1,1,5
1922,8,255,1,3,255,1,9702.00,1299127,0,290,1,1,0,0,538,0,0,5
1922,8,290,1,3,255,1,3221.00,893074,0,255,1,1,0,0,539,0,0,5
1922,2,651,1,-9,651,-9,994300.00,12800000,1,200,0,0,1,0,540,1,0,5
1922,2,710,1,3,710,1,552.00,192000,0,740,1,0,0,0,541,0,0,5
1923,2,368,1,2,368,1,2846.00,151960,0,0,-9,-9,0,0,542,0,0,5
1924,10,211,0,6,515,0,54222.00,3000000,1,255,0,0,0,0,543,0,0,5
1924,1,325,1,3,345,1,17.00,49806,0,345,1,1,0,0,544,0,0,5
1924,7,325,0,3,501,0,85470.00,12000,0,200,0,0,0,0,545,0,0,5
1924,1,345,1,3,325,1,1.00,.,0,325,1,1,0,0,546,0,0,5
1924,2,0,-9,3,601,-9,363.00,50000,1,220,0,0,0,0,547,0,0,5
1925,12,325,0,3,651,0,400.00,.,0,651,1,1,0,0,548,0,0,5
1925,12,651,1,3,620,1,1.00,.,0,325,0,0,0,0,549,0,0,5
1926,6,200,0,3,645,0,91009.00,703378,0,640,1,1,0,0,550,0,0,5
1926,2,920,0,3,9201,0,6.00,1033,1,200,0,0,0,0,551,0,0,5
1927,7,211,0,3,540,0,3.00,.,0,235,0,0,0,0,552,0,0,5
1927,7,235,0,3,490,0,3500.00,.,0,211,0,0,0,0,553,0,0,5
1928,4,210,0,3,850,0,1.00,.,0,2,0,0,0,0,555,0,0,5
1928,1,385,0,3,9993,0,48.00,0,1,200,0,0,0,0,556,0,0,5
1929,6,135,1,3,155,1,8498.00,30000,0,155,1,1,0,0,557,0,0,5
1929,2,328,1,-9,328,-9,0.00,639,1,325,0,1,-9,0,558,1,0,5
1930,10,710,1,3,710,1,738.00,154416,0,200,0,0,0,0,559,0,0,5
1932,.,220,0,3,960,0,5.00,0,0,70,1,0,0,0,560,0,0,5
1932,10,645,1,-9,645,-9,301994.00,3560456,1,200,0,0,1,0,561,1,0,5
1932,1,740,1,1,711,0,1304292.00,32900000,1,710,1,1,0,0,562,0,1,5
1933,12,200,0,3,21,0,404519.00,289516,1,21,1,-9,0,0,563,0,0,5
1933,5,740,1,1,710,0,173960.00,2963027,0,710,1,1,0,0,564,0,1,5
1934,12,100,1,3,135,1,113882.00,40000,0,135,1,1,0,0,565,0,0,5
1934,.,325,0,3,625,0,1.00,.,0,220,0,0,0,0,566,0,0,5
1934,6,670,1,3,678,1,1.00,50,0,678,1,1,0,0,567,0,1,5
1935,10,150,1,1,145,1,233100.00,35000,0,145,1,1,0,0,568,0,0,5
1935,3,255,1,5,256,1,1912.00,812030,1,220,0,1,0,0,569,0,0,5
1935,1,325,0,3,522,0,800.00,.,0,220,0,0,0,0,570,0,0,5
1936,5,325,0,1,530,0,906499.00,7000000,1,530,1,-9,0,0,571,0,1,5
1937,7,740,1,1,710,0,1500000.00,.,0,710,1,1,0,0,572,0,1,5
1938,3,255,1,2,305,1,83869.00,6760000,1,305,1,-9,0,0,573,0,0,5
1938,9,255,1,3,315,1,28674.00,3653292,0,315,1,1,0,0,574,0,0,5
1938,10,290,1,2,315,1,1085.00,241698,0,315,1,1,0,0,575,0,0,5
1938,11,310,1,3,317,1,11826.00,1027450,0,315,1,1,0,0,576,0,0,5
1939,3,255,1,2,315,1,98909.00,9807096,1,315,1,-9,0,0,577,0,0,5
1939,3,255,1,2,368,1,2846.00,152660,0,368,1,1,0,0,578,0,0,5
1939,3,310,1,1,315,1,11094.00,522124,0,315,1,1,0,0,579,0,0,5
1939,3,317,1,4,317,-9,38456.00,2450096,1,315,0,1,-9,0,580,1,0,5
1939,4,325,1,1,339,1,28748.00,1003124,1,339,1,-9,0,0,581,0,1,5
1939,10,368,1,3,290,1,6656.00,457500,0,365,1,1,0,0,582,0,0,5
1939,6,640,1,3,652,1,5312.00,273350,0,220,0,0,0,0,583,0,0,5
1940,6,355,1,3,360,1,7421.00,.,0,360,1,1,0,0,584,0,0,5
1940,7,365,1,1,366,1,47549.00,1126000,1,366,1,-9,0,1,585,0,0,5
1940,7,365,1,1,367,1,65773.00,1950000,1,367,1,-9,0,1,586,0,0,5
1940,7,365,1,1,368,1,59464.00,2879070,1,368,1,-9,0,1,587,0,0,5
1941,4,530,1,3,530,-9,906499.00,15000000,1,325,0,0,1,0,588,1,1,5
1942,1,135,1,3,130,1,190807.00,31000,0,130,1,1,0,0,589,0,1,5
1944,7,395,1,4,395,-9,103000.00,132000,1,390,0,0,1,0,590,1,0,5
1945,9,2,0,3,741,0,2354.00,869287,1,740,1,1,0,0,591,0,1,5
1945,4,315,1,3,315,-9,127860.00,12900000,1,255,0,1,-9,0,593,1,1,5
1945,4,315,1,3,315,1,22922.00,1000000,0,310,1,1,-9,0,594,0,1,5
1945,4,315,1,2,317,1,38456.00,2450096,1,317,1,-9,-9,0,595,0,0,5
1944,11,339,1,3,339,-9,28748.00,1132000,1,325,0,1,-9,0,596,1,1,5
1945,4,365,1,3,255,1,13000.00,.,0,255,1,1,0,0,597,0,1,5
1945,2,365,1,3,290,1,179460.00,.,0,290,1,1,0,0,598,0,0,5
1945,6,365,1,3,315,1,7000.00,.,0,315,1,1,0,0,599,0,0,5
1945,9,365,1,3,740,1,41063.00,339357,0,740,1,1,0,0,600,0,1,5
1945,9,710,1,3,713,1,35763.00,6084000,1,740,0,1,0,0,601,0,1,5
1945,9,710,1,3,710,1,1500000.00,.,0,740,1,0,0,0,602,0,1,5
1945,4,1,-9,3,305,-9,83869.00,6952744,1,255,1,1,0,1,603,0,1,5
1945,9,1,-9,3,730,-9,220891.00,25100000,1,740,0,1,0,0,604,0,1,5
1945,9,1,-9,3,740,-9,371205.00,73100000,1,740,1,-9,0,1,605,0,1,5
1945,5,1,-9,1,255,-9,472605.00,69600000,1,255,1,-9,0,1,606,0,0,5
1946,4,652,1,-9,652,-9,184920.00,2978000,1,220,0,0,1,0,607,1,1,5
1946,8,660,1,-9,660,-9,10400.00,1156000,1,220,0,0,1,0,608,1,0,5
1946,3,663,1,-9,663,-9,89484.00,400000,1,200,0,0,1,0,609,1,0,5
1946,7,840,1,-9,840,-9,299404.00,18400000,1,2,0,0,1,0,610,1,0,5
1947,4,2,0,6,980,0,1779.00,47000,1,740,0,0,0,0,611,0,0,5
1947,2,220,1,3,325,1,1.00,.,0,325,1,1,0,0,612,0,1,5
1947,10,220,1,2,256,1,2567.00,874000,1,260,1,1,0,0,613,0,0,5
1947,2,315,1,3,310,1,1.00,.,0,310,1,1,0,0,614,0,1,5
1947,2,339,1,3,339,1,5.00,.,0,325,1,1,0,0,615,0,1,5
1947,2,345,1,3,325,1,3600.00,.,0,325,1,1,0,0,616,0,1,5
1947,2,350,1,3,3353,1,2681.00,115343,0,325,1,0,0,0,617,0,1,5
1947,2,365,1,1,360,1,49987.00,3500000,0,360,1,1,0,0,618,0,1,5
1947,2,365,1,3,375,1,44104.00,450000,0,375,1,1,0,0,619,0,1,5
1947,12,560,1,2,560,0,429.00,0,0,-9,1,-9,0,0,620,0,0,5
1947,8,750,1,-9,750,-9,2729368.00,345000,1,200,0,0,1,0,621,1,0,5
1947,8,770,1,-9,770,-9,863777.00,72200000,1,200,0,0,1,0,622,1,0,5
1947,12,900,0,3,9005,0,412.00,0,1,200,0,0,0,0,623,0,0,5
1947,2,1,-9,3,620,-9,1774149.00,1124000,1,325,0,0,0,0,624,0,1,5
1947,2,1,-9,3,326,-9,743.00,292000,1,325,1,1,0,0,625,0,1,5
1947,2,1,-9,3,520,-9,461541.00,1086000,1,325,0,0,0,0,626,0,1,5
1947,2,1,-9,3,531,-9,124000.00,1000000,1,325,0,0,0,0,627,0,1,5
1948,7,20,1,5,21,1,404519.00,324000,1,200,0,0,0,0,628,0,0,5
1948,5,666,1,-9,666,-9,12820.00,782000,1,200,0,0,1,0,629,1,1,5
1948,9,731,1,-9,731,-9,121129.00,8000000,1,365,0,1,1,0,630,1,0,5
1948,8,732,1,-9,732,-9,98500.00,20200000,1,2,0,0,1,0,631,1,0,5
1948,1,775,1,-9,775,-9,678034.00,18100000,1,200,0,0,1,0,632,1,0,5
1948,1,780,1,-9,780,-9,65610.00,7244000,1,200,0,0,1,0,633,1,0,5
1949,4,210,1,3,260,1,78.00,9000,0,260,1,1,0,0,634,0,0,5
1949,4,211,1,3,255,1,18.00,.,0,255,1,1,0,0,635,0,0,5
1949,4,212,1,3,255,1,6.00,.,0,255,1,1,0,0,636,0,0,5
1949,4,220,1,3,255,1,7.00,.,0,255,1,1,0,0,637,0,0,5
1949,4,325,0,6,520,0,461541.00,1086000,1,1,-9,-9,0,0,638,0,0,5
1949,2,651,1,1,666,1,258.00,405000,0,666,1,1,0,0,639,0,1,5
1949,7,663,1,1,666,1,5607.00,400000,0,666,1,1,0,0,640,0,1,5
1949,12,713,1,4,713,-9,36156.00,7099000,1,710,0,1,1,0,642,1,1,5
1949,1,750,1,1,7507,1,139860.00,2700000,0,770,1,1,0,0,643,0,1,5
1949,8,760,1,3,750,1,83.00,19920,0,750,1,1,0,0,644,0,0,5
1949,8,760,1,-9,760,-9,46600.00,300000,1,750,0,1,1,0,645,1,0,5
1949,1,770,1,1,7507,1,32024.00,1320000,0,750,1,1,0,0,646,0,1,5
1949,12,850,1,-9,850,-9,1491562.00,74800000,1,210,0,0,1,0,647,1,1,5
1950,12,750,1,3,751,1,10.00,44786,0,220,0,0,0,0,648,0,0,5
1950,12,750,1,3,761,1,7298.00,137158,1,761,1,-9,0,0,649,0,0,5
1951,5,290,1,3,365,1,240.00,7000,0,365,1,1,0,0,650,0,0,5
1951,5,365,1,3,290,1,240.00,7000,0,290,1,1,0,0,651,0,0,5
1951,12,620,1,-9,620,-9,1774149.00,1091830,1,1,-9,-9,1,0,652,1,0,5
1952,9,530,1,5,531,1,124000.00,1000000,1,1,-9,-9,0,0,653,0,0,5
1952,4,740,1,-9,740,-9,371205.00,83200000,1,1,-9,-9,-9,0,654,1,0,5
1953,12,740,1,3,741,1,1000.00,.,0,2,0,0,0,0,655,0,0,5
1953,11,811,1,-9,811,-9,172511.00,4440000,1,220,0,0,1,0,656,1,0,5
1954,3,265,1,-9,265,-9,107834.00,18100000,1,365,0,0,1,0,657,1,0,5
1954,10,325,1,3,326,1,223.00,297000,0,1,-9,-9,0,0,658,0,0,5
1954,10,345,1,3,326,1,516.00,62725,0,1,-9,-9,0,0,659,0,0,5
1954,11,750,1,3,751,1,503.00,323000,1,220,0,0,0,0,660,0,0,5
1953,12,812,1,-9,812,-9,236800.00,1505000,1,220,0,0,1,0,661,1,0,5
1954,12,816,1,-9,816,-9,155203.00,16100000,1,220,0,0,1,0,662,1,1,5
1954,12,817,1,-9,817,-9,168350.00,9934000,1,220,0,0,1,0,663,1,1,5
1955,.,220,0,3,620,0,26000.00,.,0,620,1,1,0,0,664,0,0,5
1955,5,260,1,-9,260,-9,247476.00,50200000,1,1,-9,-9,1,0,665,0,0,5
1955,7,305,1,-9,305,-9,83869.00,6947000,1,1,-9,-9,1,0,666,0,0,5
1955,2,710,1,3,713,1,1.00,300,0,713,1,1,0,0,667,0,1,5
1955,11,900,0,3,9002,0,14.00,500,1,200,0,0,0,0,668,0,0,5
1956,9,260,1,3,211,1,1.00,648,0,211,1,1,0,0,669,0,0,5
1956,3,600,1,-9,600,-9,380800.00,8955000,1,220,0,0,1,0,670,1,0,5
1956,4,600,1,3,602,1,19656.00,1045000,0,230,0,1,0,0,671,0,0,5
1956,10,600,1,3,601,1,349.00,183000,1,1,-9,-9,0,0,672,0,0,5
1956,3,616,1,-9,616,-9,125180.00,3963000,1,220,0,0,1,0,673,1,0,5
1956,1,625,1,-9,625,-9,2505823.00,10300000,1,200,0,0,1,0,674,1,0,5
1956,6,651,1,3,651,1,1.00,.,0,200,0,0,0,0,675,0,0,5
1956,10,740,1,3,365,1,500.00,.,0,365,1,1,0,0,676,0,0,5
1957,1,260,1,3,256,1,2567.00,992000,1,220,0,1,0,0,677,0,0,5
1957,3,452,1,-9,452,-9,204097.00,6250000,1,200,0,0,1,0,678,1,0,5
1957,3,452,1,5,462,1,33776.00,429000,1,200,0,0,0,0,679,0,0,5
1957,8,820,1,-9,820,-9,131287.00,6279000,1,200,0,0,1,0,680,1,0,5
1958,10,438,1,-9,438,-9,245857.00,2896000,1,220,0,0,1,0,681,1,0,5
1958,4,600,1,3,602,1,13219.00,9000,1,230,0,0,0,0,682,0,0,5
1958,2,651,1,5,652,0,1187338.00,29300000,1,652,1,0,0,0,683,0,0,5
1958,9,750,1,3,770,1,1.00,.,0,770,1,1,0,0,684,0,0,5
1958,9,770,1,3,750,1,1.00,300,0,750,1,1,0,0,685,0,0,5
1958,9,770,1,3,698,1,1.00,8146,0,698,0,0,0,0,686,0,0,5
1958,10,900,0,3,9002,0,135.00,3361,1,200,0,0,0,0,687,0,0,5
1960,11,91,1,3,93,1,20720.00,.,0,93,1,1,0,0,688,0,0,5
1960,8,352,1,-9,352,-9,9251.00,573000,1,200,0,0,1,0,689,1,0,5
1960,4,432,1,-9,432,-9,1401182.00,7172000,1,220,0,0,-9,0,690,1,0,5
1960,8,433,1,4,433,-9,197161.00,3110000,1,432,0,1,1,0,692,1,0,5
1960,8,434,1,-9,434,-9,115760.00,2050000,1,220,0,0,1,0,693,1,0,5
1960,11,435,1,-9,435,-9,1085805.00,970000,1,220,0,0,1,0,694,1,0,5
1960,8,436,1,-9,436,-9,1188794.00,2876000,1,220,0,0,1,0,695,1,0,5
1960,8,437,1,-9,437,-9,322463.00,3230000,1,220,0,0,1,0,696,1,0,5
1960,8,439,1,-9,439,-9,274200.00,4400000,1,220,0,0,1,0,697,1,0,5
1960,4,461,1,-9,461,-9,56600.00,1440000,1,220,0,0,1,0,698,1,0,5
1960,1,471,1,-9,471,-9,432012.00,4700000,1,220,0,0,1,0,699,1,0,5
1960,10,475,1,-9,475,-9,878447.00,52000000,1,200,0,0,1,0,700,1,0,5
1960,8,481,1,-9,481,-9,267000.00,446000,1,220,0,0,1,0,701,1,0,5
1960,8,482,1,-9,482,-9,626000.00,1227000,1,220,0,0,1,0,702,1,0,5
1960,8,483,1,-9,483,-9,1283000.00,3070000,1,220,0,0,1,0,703,1,0,5
1960,8,484,1,-9,484,-9,342000.00,773000,1,220,0,0,1,0,704,1,0,5
1960,6,490,1,-9,490,-9,2344932.00,14100000,1,211,0,0,1,0,705,1,0,5
1960,7,520,1,-9,520,-9,461541.00,1330000,1,325,0,0,1,0,706,1,0,5
1960,7,520,1,5,521,1,176120.00,650000,1,200,0,0,0,0,707,0,0,5
1960,6,580,1,-9,580,-9,590000.00,5393000,1,220,0,0,1,0,708,1,0,5
1961,8,434,1,1,434,1,2.00,12,0,235,0,0,0,0,709,0,0,5
1961,4,451,1,-9,451,-9,72326.00,2252000,1,200,0,0,1,0,710,1,0,5
1961,2,471,1,5,472,1,42945.00,840000,0,200,0,0,0,0,711,0,0,5
1961,2,475,1,5,472,1,45325.00,.,0,200,0,0,0,0,712,0,0,5
1961,12,510,1,-9,510,-9,939361.00,9399000,1,200,0,0,1,0,713,1,0,5
1961,9,652,1,4,652,-9,184920.00,4693000,1,651,0,0,1,0,714,1,0,5
1961,6,690,1,-9,690,-9,15540.00,322000,1,200,0,0,1,0,715,1,0,5
1961,10,710,1,3,775,1,161.00,0,0,775,1,1,0,0,716,0,0,5
1961,12,750,1,1,752,1,4193.00,649660,1,235,0,0,0,0,717,0,1,5
1961,10,790,1,3,710,1,780.00,31200,0,710,1,1,0,0,718,0,0,5
1962,8,51,1,-9,51,-9,11424.00,1661000,1,200,0,0,1,0,719,1,0,5
1962,8,52,1,-9,52,-9,5128.00,900000,1,200,0,0,1,0,720,1,0,5
1962,10,500,1,-9,500,-9,243411.00,7016000,1,200,0,0,1,0,721,1,0,5
1962,7,516,1,-9,516,-9,27834.00,3025000,1,211,0,0,1,0,722,1,0,5
1962,7,517,1,-9,517,-9,26388.00,2840000,1,211,0,0,1,0,723,1,0,5
1962,7,615,1,-9,615,-9,2381741.00,10900000,1,220,0,0,1,0,724,1,1,5
1962,1,990,1,-9,990,-9,2823.00,116000,1,920,0,0,1,0,725,1,0,5
1963,7,70,1,3,2,1,2.00,100,0,2,1,1,0,0,726,0,0,5
1963,8,260,1,3,210,1,1.00,.,0,210,1,1,0,0,727,0,0,5
1963,12,501,1,-9,501,-9,582646.00,8847000,1,200,0,0,1,0,728,1,0,5
1963,12,511,1,-9,511,-9,2642.00,329000,1,200,0,0,1,0,729,1,0,5
1963,3,770,1,3,710,1,1942.00,9136,0,710,1,1,0,0,730,0,0,5
1963,10,820,1,5,830,1,583.00,1733000,1,200,0,0,0,0,731,0,0,5
1963,10,820,1,5,823,0,76115.00,478000,1,200,0,0,0,0,732,0,0,5
1963,10,820,1,5,824,0,124967.00,778000,1,200,0,0,0,0,733,0,0,5
1963,5,850,1,3,851,1,412781.00,751000,1,210,0,0,0,0,734,0,1,5
1964,9,338,1,-9,338,-9,316.00,324000,1,200,0,0,1,0,735,1,0,5
1964,4,510,1,5,511,1,942003.00,11400000,1,511,1,1,0,0,736,0,0,5
1964,10,551,1,-9,551,-9,751936.00,3600000,1,200,0,0,1,0,737,1,0,5
1964,7,553,1,-9,553,-9,119311.00,3845000,1,200,0,0,1,0,738,1,0,5
1965,2,420,1,-9,420,-9,10368.00,330000,1,200,0,0,1,0,739,1,0,5
1965,8,663,1,3,670,1,750.00,750,0,670,1,1,0,0,740,0,0,5
1965,8,670,1,3,663,1,750.00,750,0,663,1,1,0,0,741,0,0,5
1965,7,781,1,-9,781,-9,298.00,98000,1,200,0,0,-9,0,742,1,0,5
1965,8,830,1,4,830,-9,583.00,1865000,1,820,0,1,1,0,743,1,0,5
1966,11,53,1,-9,53,-9,430.00,238000,1,200,0,0,1,0,744,1,0,5
1966,5,110,1,-9,110,-9,210000.00,714223,1,200,0,0,1,0,745,1,0,5
1966,10,570,1,-9,570,-9,30340.00,1080857,1,200,0,0,1,0,746,1,0,5
1966,9,571,1,-9,571,-9,575000.00,667000,1,200,0,0,1,0,747,1,0,5
1967,6,666,1,1,651,1,53242.00,418800,0,651,1,1,0,0,748,0,1,5
1967,6,666,1,1,652,1,1710.00,60000,0,652,1,1,0,0,749,0,1,5
1967,6,666,1,1,663,1,5878.00,674500,0,663,1,1,0,0,750,0,1,5
1967,11,680,1,-9,680,-9,160300.00,1250000,1,200,0,0,1,0,751,1,0,5
1967,.,698,1,3,698,1,73.00,85,0,200,0,0,0,0,752,0,0,5
1968,10,411,1,-9,411,-9,28051.00,290000,1,230,0,0,1,0,753,1,0,5
1968,9,572,1,-9,572,-9,17400.00,442195,1,200,0,0,1,0,754,1,0,5
1968,3,590,1,-9,590,-9,1865.00,830700,1,200,0,0,1,0,755,1,0,5
1968,6,740,1,3,.,0,100.00,.,0,2,0,0,0,0,756,0,0,5
1968,2,750,1,3,770,1,7000.00,.,0,770,1,1,0,0,757,0,0,5
1968,2,770,1,3,750,1,780.00,187200,0,750,1,1,0,0,758,0,0,5
1968,1,970,1,-9,970,-9,22.00,6603,1,900,0,0,-9,0,759,1,0,5
1969,6,600,1,3,605,1,1505.00,51517,1,230,0,0,0,0,760,0,0,5
1969,12,670,1,3,690,1,2850.00,2080,0,690,1,1,0,0,761,0,0,5
1969,12,690,1,3,670,1,2850.00,2080,0,670,1,1,0,0,762,0,0,5
1970,10,950,1,-9,950,-9,18272.00,524457,1,200,0,0,1,0,763,1,0,5
1970,6,955,1,-9,955,-9,700.00,87406,1,200,0,0,-9,0,764,1,0,5
1971,4,93,0,3,93,1,6.00,2116,0,2,0,0,0,0,765,0,0,5
1971,11,630,1,1,696,1,1.00,100,0,696,1,1,0,0,766,0,1,5
1971,11,630,1,2,696,1,1.00,100,0,696,1,1,0,0,767,0,0,5
1971,7,692,1,-9,692,-9,723.00,216815,1,200,0,0,1,0,768,1,0,5
1971,9,694,1,-9,694,-9,11000.00,160000,1,200,0,0,1,0,769,1,0,5
1971,12,696,1,5,696,1,90410.00,154656,0,696,1,1,-9,0,770,0,0,5
1971,12,750,1,1,770,1,13361.00,5000000,0,770,1,1,0,0,774,0,1,5
1971,12,770,1,1,750,1,315.00,75600,0,750,1,1,0,0,775,0,0,5
1971,12,771,1,4,771,-9,144020.00,71300000,1,770,0,0,-9,0,776,1,1,5
1972,.,91,1,3,91,1,3.00,.,0,2,0,0,0,0,777,0,0,5
1972,.,678,1,2,680,1,182.00,1000,0,680,1,0,0,0,778,0,0,5
1972,2,696,1,5,696,1,1690.00,24482,0,696,1,-9,0,0,779,0,0,5
1972,5,740,1,3,741,1,848.00,934176,1,2,0,0,0,0,780,0,0,5
1972,7,750,1,3,750,1,179.00,.,0,770,1,1,0,0,781,0,0,5
1972,7,770,1,3,770,1,14609.00,3506160,0,750,1,1,0,0,782,0,0,5
1973,7,31,1,-9,31,-9,13864.00,168812,1,200,0,0,1,0,783,1,0,5
1973,6,620,1,1,483,1,78000.00,78000,0,483,1,1,0,0,784,0,0,5
1973,10,666,1,1,652,1,780.00,15000,0,652,1,1,0,0,785,0,1,5
1974,2,55,1,-9,55,-9,344.00,107779,1,200,0,0,1,0,787,1,0,5
1974,9,404,1,-9,404,-9,36125.00,487448,1,235,0,0,1,0,788,1,0,5
1974,8,640,1,1,352,1,3640.00,250000,0,352,1,1,0,0,789,0,1,5
1974,1,651,1,3,651,1,1000.00,1000,0,666,1,1,0,0,790,0,0,5
1974,6,780,1,3,750,1,1.00,100,0,750,1,1,0,0,791,0,0,5
1975,11,115,1,-9,115,-9,163265.00,414000,1,210,0,0,1,0,792,1,0,5
1975,7,402,1,-9,402,-9,4033.00,272071,1,235,0,0,1,0,793,1,0,5
1975,7,403,1,-9,403,-9,964.00,76430,1,235,0,0,1,0,794,1,0,5
1975,11,540,1,-9,540,-9,1246700.00,5673046,1,235,0,0,1,0,795,1,1,5
1975,6,541,1,-9,541,-9,784961.00,8233834,1,235,0,0,1,0,796,1,0,5
1975,7,581,1,-9,581,-9,1862.00,252000,1,220,0,0,1,0,797,1,0,5
1975,7,645,1,3,670,1,3500.00,.,0,670,1,1,0,0,798,0,0,5
1975,11,651,1,3,651,1,20000.00,2000,0,666,1,1,0,0,799,0,0,5
1975,7,670,1,3,645,1,3500.00,2000,0,645,1,1,0,0,800,0,0,5
1975,4,816,1,1,817,1,174481.00,18300000,1,817,1,-9,0,1,801,0,1,5
1975,9,910,1,-9,910,-9,462840.00,2600000,1,900,0,1,1,0,802,1,0,5
1976,2,220,0,4,5812,0,374.00,38000,1,581,1,1,0,0,803,0,0,5
1976,4,435,1,3,609,1,88667.00,.,0,230,0,0,0,0,804,0,0,5
1976,6,591,1,-9,591,-9,404.00,59000,1,200,0,0,1,0,805,1,0,5
1976,6,591,0,3,5920,1,27.00,.,0,200,0,0,0,0,806,0,0,5
1976,4,600,1,3,609,1,177667.00,.,0,230,0,0,0,0,807,0,0,5
1976,6,652,1,3,652,1,780.00,.,0,666,1,1,0,0,808,0,0,5
1976,7,850,1,1,860,1,14984.00,610541,1,235,0,0,0,0,809,0,0,5
1977,6,522,1,-9,522,-9,23000.00,300000,1,220,0,0,1,0,810,1,0,5
1978,11,54,1,-9,54,-9,728.00,78000,1,200,0,0,1,0,811,1,0,5
1978,4,95,1,3,96,1,1676.00,41800,1,2,0,0,0,0,812,0,0,5
1978,7,940,1,-9,940,-9,29785.00,196823,1,200,0,0,1,0,813,1,0,5
1978,10,947,1,-9,947,-9,24.00,5887,1,200,0,0,-9,0,814,1,0,5
1979,2,56,1,-9,56,-9,616.00,121000,1,200,0,0,1,0,815,1,0,5
1979,10,57,1,-9,57,-9,389.00,120000,1,200,0,0,-9,0,816,1,0,5
1979,5,651,1,3,651,1,20000.00,2000,0,666,1,1,0,0,817,0,0,5
1979,7,946,1,-9,946,-9,572.00,57816,1,200,0,0,-9,0,818,1,0,5
1980,4,552,1,-9,552,-9,390622.00,7360000,1,200,0,0,1,0,819,1,0,5
1980,.,600,1,3,435,1,88667.00,100000,0,435,1,1,0,0,820,0,0,5
1980,7,935,1,-9,935,-9,14760.00,97468,1,220,0,0,-9,0,821,1,0,5
1981,7,100,1,3,1101,0,10.00,0,1,2,0,0,0,0,822,0,0,5
1981,9,80,1,-9,80,-9,22800.00,148300,1,200,0,0,1,0,823,1,0,5
1981,11,58,1,-9,58,-9,440.00,77000,1,200,0,0,1,0,824,1,0,5
1981,12,645,1,3,.,1,3333.00,0,0,-9,-9,-9,0,0,825,0,0,5
1981,12,670,1,3,.,1,3333.00,0,0,-9,-9,-9,0,0,826,0,0,5
1983,9,60,1,-9,60,-9,360.00,44500,1,200,0,0,1,0,827,1,0,5
1984,1,835,1,-9,835,-9,5270.00,215000,1,200,0,0,1,0,828,1,0,5
1984,11,155,1,3,.,1,1079.00,0,0,-9,-9,-9,0,0,829,0,0,5
1984,11,160,1,3,.,1,1083.00,0,0,-9,-9,-9,0,0,830,0,0,5
1986,10,983,1,-9,983,-9,181.00,40000,1,2,0,0,0,0,831,1,0,5
1986,11,987,1,-9,987,-9,702.00,95000,1,2,0,0,0,0,832,1,0,5
1986,12,432,1,3,439,1,1553.00,65000,0,439,1,1,0,0,833,0,1,5
1989,3,651,1,3,666,1,1.00,0,0,666,1,1,0,0,834,0,0,5
1990,3,565,1,-9,565,-9,823290.00,1372000,0,560,0,1,1,0,835,1,1,5
1990,5,679,1,5,680,1,329111.00,2488000,1,680,1,1,0,1,836,0,0,5
1990,10,255,1,5,265,1,108333.00,16600000,1,265,1,1,0,1,837,0,0,5
1991,4,372,1,4,372,-9,69700.00,5500000,1,365,1,1,1,0,838,1,0,5
1991,6,344,1,4,344,-9,56410.00,4763000,1,345,1,1,1,0,839,1,1,5
1991,6,349,1,4,349,-9,20256.00,1974000,1,345,1,1,1,0,840,1,1,5
1991,8,359,1,4,359,-9,33700.00,4350000,1,365,1,1,1,0,841,1,0,5
1991,8,370,1,4,370,-9,207600.00,10200000,1,365,1,1,1,0,842,1,0,5
1991,8,373,1,4,373,-9,86600.00,7200000,1,365,1,1,1,0,843,1,0,5
1991,8,703,1,4,703,-9,198500.00,4375000,1,365,1,1,1,0,844,1,0,5
1991,8,704,1,4,704,-9,447400.00,20300000,1,365,1,1,1,0,845,1,0,5
1991,9,366,1,4,366,-9,45227.00,1581000,1,365,1,1,1,0,846,1,0,5
1991,9,367,1,4,367,-9,64610.00,2600000,1,365,1,1,1,0,847,1,0,5
1991,9,368,1,4,368,-9,65301.00,3754000,1,365,1,1,1,0,848,1,0,5
1991,9,371,1,4,371,-9,28400.00,3450000,1,365,1,1,1,0,849,1,0,5
1991,9,702,1,4,702,-9,143100.00,5250000,1,365,1,1,1,0,850,1,0,5
1991,10,701,1,4,701,-9,488100.00,3600000,1,365,1,1,1,0,851,1,0,5
1993,4,343,1,4,343,-9,24856.00,2109000,1,345,1,1,1,0,852,1,0,5
1991,12,369,1,4,369,-9,603700.00,52000000,1,365,1,1,1,0,853,1,0,5
1991,12,705,1,4,705,-9,2717300.00,16700000,1,365,1,1,1,0,854,1,0,5
1992,4,346,1,4,346,-9,51107.00,4455000,1,345,1,1,1,0,855,1,1,5
1992,9,92,1,3,.,1,147.00,36000,0,-9,-9,-9,0,0,856,0,0,5
1992,9,91,1,3,.,1,293.00,13000,0,-9,-9,-9,0,0,857,0,0,6
1992,10,679,1,3,698,1,1875.00,0,0,698,1,1,0,0,858,0,0,6
1992,10,698,1,3,679,1,1250.00,0,0,679,1,1,0,0,859,0,0,6
1992,6,771,1,3,7712,1,1.00,20,1,750,1,1,0,0,860,0,0,6
1993,1,316,1,4,316,-9,79228.00,10300000,1,315,1,1,1,1,861,1,0,6
1993,1,317,1,4,317,-9,48666.00,5200000,1,315,1,1,1,1,862,1,0,6
1993,4,531,1,4,531,-9,124993.00,3000000,1,530,1,1,1,0,863,1,1,6
1993,5,690,1,3,645,1,.,0,0,645,1,1,0,0,864,0,0,6
1994,3,565,1,3,5651,1,1124.00,30000,1,560,0,0,0,0,865,0,0,6
1994,10,986,1,-9,980,-9,487.00,15600,0,2,0,0,1,0,866,1,0,6
1995,2,663,1,3,666,1,340.00,0,0,666,1,1,0,0,867,0,0,6
1996,4,710,1,3,365,1,18.00,0,0,365,1,1,0,0,868,0,0,6
1997,6,316,1,3,317,1,4.52,31,0,317,1,1,0,0,869,0,0,6
1997,6,317,1,3,316,1,4.52,120,0,316,1,1,0,0,870,0,0,6
1997,7,710,1,3,720,1,1084.00,6700000,1,200,0,0,0,0,871,0,0,6
1998,7,710,1,3,705,1,470.00,.,0,705,1,1,0,0,872,0,0,6
1998,8,369,1,3,359,1,1.00,0,0,359,1,1,0,0,873,0,0,6
1998,8,359,1,3,369,1,1.00,0,0,369,1,1,0,0,874,0,0,6
1999,3,365,1,3,366,1,30.00,0,0,366,1,1,0,0,875,0,0,6
1999,3,366,1,3,365,1,30.00,0,0,365,1,1,0,0,876,0,0,6
1999,10,1,-9,3,860,-9,14926.00,780000,1,850,1,1,0,0,877,0,1,6
1999,12,710,1,3,721,1,21.45,447000,1,235,0,0,0,0,878,0,0,6
1991,.,571,1,1,.,1,5.00,0,0,-9,-9,-9,0,0,879,0,0,6
2000,1,651,1,1,625,1,20580.00,5000,0,625,1,1,0,0,880,0,0,6
2002,5,860,1,-9,860,-9,14926.00,950000,1,1,-9,-9,1,0,881,1,0,6
2003,12,475,1,3,471,1,.,.,0,471,1,1,0,0,882,0,0,6
2003,12,471,1,3,475,1,.,.,0,475,1,1,0,0,883,0,0,6
2004,7,679,1,3,670,1,40000.00,.,0,670,1,1,0,0,884,0,1,6
2006,6,341,1,4,341,-9,13812.00,650000,1,345,1,1,1,0,885,1,0,6
2008,8,471,1,3,475,1,665.00,300000,0,475,1,1,0,0,886,0,1,6
2008,10,710,1,3,365,1,174.00,0,0,365,1,1,0,0,887,0,0,6
2011,1,710,1,3,702,1,1142.00,.,0,702,1,1,0,0,888,0,0,6
2011,7,626,1,-9,626,-9,619745,8260000,1,625,1,1,1,0,889,1,1,6
2014,3,365,1,1,369,1,27000.00,2400000,1,369,1,1,0,0,890,0,1,6
2008,2,347,1,-9,347,1,10887.00,1747383,1,345,1,1,1,0,891,1,0,6
2015,7,750,1,-9,750,1,69.44,51000,1,771,1,1,0,0,892,0,0,6
2015,7,771,1,-9,771,1,28.77,51000,1,750,1,1,0,0,893,0,0,6
1940,3,365,1,3,375,1,40000.00,450000,1,375,-9,-9,-9,-9,894,0,1,6
1954,8,750,1,2,235,0,491.00,57963,1,235,-9,-9,-9,-9,895,0,1,6
1999,12,571,1,3,571,1,5.00,0,1,565,-9,-9,-9,-9,896,0,0,6
